"Date","Dernier","Ouv."," Plus Haut","Plus Bas","Vol.","Variation %"
"31/12/2019","12.171,90","12.193,95","12.216,18","12.157,60","","-0,18%"
"30/12/2019","12.193,95","12.189,27","12.194,73","12.071,30","","0,04%"
"27/12/2019","12.189,27","12.192,79","12.192,79","12.146,91","","-0,03%"
"26/12/2019","12.192,79","12.275,30","12.283,06","12.163,83","","-0,67%"
"25/12/2019","12.275,30","12.295,29","12.295,29","12.236,94","","-0,18%"
"24/12/2019","12.296,98","12.200,52","12.301,79","12.191,36","","0,79%"
"23/12/2019","12.200,52","12.165,65","12.217,08","12.142,77","","0,29%"
"20/12/2019","12.165,65","12.081,08","12.165,65","12.051,81","","0,70%"
"19/12/2019","12.081,08","12.024,58","12.083,34","11.975,87","","0,47%"
"18/12/2019","12.024,58","12.030,95","12.030,95","11.961,68","","-0,05%"
"17/12/2019","12.030,95","11.962,05","12.030,95","11.960,48","","0,58%"
"16/12/2019","11.962,05","11.973,63","11.976,09","11.925,55","","-0,10%"
"13/12/2019","11.973,63","11.900,56","11.973,63","11.888,17","","0,61%"
"12/12/2019","11.900,56","11.884,01","11.917,12","11.873,12","","0,14%"
"11/12/2019","11.884,01","11.812,80","11.889,89","11.812,80","","0,60%"
"10/12/2019","11.812,80","11.753,79","11.812,90","11.731,07","","0,50%"
"09/12/2019","11.753,79","11.764,13","11.775,62","11.735,05","","-0,09%"
"06/12/2019","11.764,13","11.694,66","11.770,80","11.694,35","","0,59%"
"05/12/2019","11.694,66","11.730,96","11.730,96","11.693,50","","-0,31%"
"04/12/2019","11.730,96","11.718,89","11.736,23","11.685,80","","0,10%"
"03/12/2019","11.718,89","11.752,12","11.761,79","11.709,87","","-0,28%"
"02/12/2019","11.752,12","11.822,32","11.825,00","11.752,12","","-0,59%"
"29/11/2019","11.822,32","11.834,27","11.834,27","11.822,32","","-0,10%"
"28/11/2019","11.834,27","11.839,24","11.840,80","11.796,31","","-0,04%"
"27/11/2019","11.839,24","11.807,93","11.839,24","11.781,89","","0,27%"
"26/11/2019","11.807,93","11.781,45","11.807,93","11.719,78","","0,22%"
"25/11/2019","11.781,45","11.809,15","11.809,15","11.770,53","","-0,23%"
"22/11/2019","11.809,15","11.744,35","11.832,75","11.723,08","","0,55%"
"21/11/2019","11.744,35","11.619,94","11.747,69","11.591,79","","1,07%"
"20/11/2019","11.619,94","11.645,44","11.650,78","11.603,97","","-0,22%"
"19/11/2019","11.645,44","11.626,55","11.645,49","11.584,51","","0,16%"
"15/11/2019","11.626,55","11.567,14","11.629,45","11.544,02","","0,51%"
"14/11/2019","11.567,14","11.576,89","11.577,45","11.547,70","","-0,08%"
"13/11/2019","11.576,89","11.562,10","11.583,65","11.552,58","","0,13%"
"12/11/2019","11.562,10","11.578,68","11.578,95","11.555,70","","-0,14%"
"08/11/2019","11.578,68","11.575,52","11.579,24","11.516,78","","0,03%"
"07/11/2019","11.575,52","11.515,32","11.575,52","11.511,52","","0,52%"
"05/11/2019","11.515,32","11.552,98","11.554,86","11.493,75","","-0,33%"
"04/11/2019","11.552,98","11.575,56","11.579,43","11.529,64","","-0,20%"
"01/11/2019","11.575,56","11.484,30","11.575,56","11.473,51","","0,79%"
"31/10/2019","11.484,30","11.534,23","11.534,23","11.478,98","","-0,43%"
"30/10/2019","11.534,23","11.487,00","11.534,23","11.483,54","","0,41%"
"29/10/2019","11.487,00","11.517,32","11.517,41","11.448,16","","-0,26%"
"28/10/2019","11.517,32","11.574,59","11.574,87","11.517,32","","-0,49%"
"25/10/2019","11.574,59","11.561,19","11.574,59","11.489,51","","0,12%"
"24/10/2019","11.561,19","11.537,79","11.561,19","11.504,48","","0,20%"
"23/10/2019","11.537,79","11.517,88","11.561,73","11.490,54","","0,17%"
"22/10/2019","11.517,88","11.470,29","11.517,88","11.447,37","","0,41%"
"21/10/2019","11.470,29","11.507,74","11.517,61","11.457,77","","-0,33%"
"18/10/2019","11.507,74","11.447,35","11.510,73","11.423,15","","0,53%"
"17/10/2019","11.447,35","11.374,36","11.447,35","11.355,66","","0,64%"
"16/10/2019","11.374,36","11.373,90","11.374,36","11.345,69","","0,00%"
"15/10/2019","11.373,90","11.376,17","11.406,24","11.352,42","","-0,02%"
"14/10/2019","11.376,17","11.362,98","11.381,65","11.362,98","","0,12%"
"11/10/2019","11.362,98","11.315,63","11.367,89","11.310,87","","0,42%"
"10/10/2019","11.315,63","11.366,31","11.367,33","11.307,35","","-0,45%"
"09/10/2019","11.366,31","11.391,99","11.392,54","11.347,56","","-0,23%"
"08/10/2019","11.391,99","11.434,18","11.434,39","11.391,43","","-0,37%"
"07/10/2019","11.434,18","11.446,54","11.448,11","11.422,31","","-0,11%"
"04/10/2019","11.446,54","11.471,75","11.479,04","11.422,48","","-0,22%"
"03/10/2019","11.471,75","11.496,29","11.509,75","11.471,75","","-0,21%"
"02/10/2019","11.496,29","11.545,62","11.550,96","11.496,29","","-0,43%"
"01/10/2019","11.545,62","11.561,68","11.567,77","11.511,01","","-0,14%"
"30/09/2019","11.561,68","11.530,23","11.565,95","11.508,95","","0,27%"
"27/09/2019","11.530,23","11.471,74","11.550,38","11.451,37","","0,51%"
"26/09/2019","11.471,74","11.461,98","11.500,91","11.437,57","","0,09%"
"25/09/2019","11.461,98","11.466,62","11.466,62","11.430,43","","-0,04%"
"24/09/2019","11.466,62","11.475,82","11.480,37","11.420,21","","-0,08%"
"23/09/2019","11.475,82","11.441,98","11.497,93","11.434,01","","0,30%"
"20/09/2019","11.441,98","11.536,29","11.536,29","11.441,29","","-0,82%"
"19/09/2019","11.536,29","11.551,23","11.551,46","11.497,63","","-0,15%"
"18/09/2019","11.553,51","11.600,44","11.600,44","11.551,75","","-0,42%"
"17/09/2019","11.602,27","11.629,91","11.629,91","11.563,24","","-0,24%"
"16/09/2019","11.629,91","11.595,15","11.629,91","11.544,73","","0,24%"
"13/09/2019","11.601,68","11.571,34","11.609,31","11.543,76","","0,26%"
"12/09/2019","11.571,34","11.582,75","11.584,37","11.564,26","","-0,10%"
"11/09/2019","11.582,75","11.607,75","11.608,13","11.564,91","","-0,22%"
"10/09/2019","11.608,20","11.629,15","11.643,56","11.604,58","","-0,18%"
"09/09/2019","11.629,15","11.592,69","11.635,93","11.580,75","","0,31%"
"06/09/2019","11.592,69","11.662,66","11.663,50","11.591,53","","-0,60%"
"05/09/2019","11.662,66","11.665,43","11.674,09","11.648,06","","-0,02%"
"04/09/2019","11.665,43","11.707,49","11.713,10","11.665,28","","-0,36%"
"03/09/2019","11.707,49","11.728,67","11.730,26","11.684,05","","-0,18%"
"02/09/2019","11.728,67","11.710,94","11.738,51","11.704,80","","0,15%"
"30/08/2019","11.710,94","11.779,44","11.780,11","11.710,94","","-0,58%"
"29/08/2019","11.779,44","11.759,51","11.779,44","11.712,60","","0,17%"
"28/08/2019","11.759,51","11.796,14","11.796,26","11.753,57","","-0,31%"
"27/08/2019","11.796,14","11.630,77","11.796,14","11.619,37","","1,42%"
"26/08/2019","11.630,77","11.610,09","11.630,77","11.595,99","","0,18%"
"23/08/2019","11.610,09","11.562,40","11.611,96","11.549,46","","0,41%"
"22/08/2019","11.562,40","11.552,33","11.562,40","11.526,31","","0,09%"
"19/08/2019","11.552,33","11.616,71","11.616,71","11.546,29","","-0,57%"
"16/08/2019","11.618,02","11.609,54","11.618,02","11.564,64","","0,07%"
"15/08/2019","11.609,54","11.565,20","11.609,54","11.548,01","","0,38%"
"09/08/2019","11.565,20","11.552,46","11.565,20","11.530,86","","0,11%"
"08/08/2019","11.552,46","11.548,08","11.566,69","11.537,59","","0,04%"
"07/08/2019","11.548,08","11.589,79","11.589,79","11.529,68","","-0,36%"
"06/08/2019","11.589,79","11.590,75","11.590,75","11.543,45","","-0,01%"
"05/08/2019","11.590,75","11.611,55","11.611,55","11.590,75","","-0,18%"
"02/08/2019","11.611,55","11.589,65","11.612,98","11.559,27","","0,19%"
"01/08/2019","11.589,65","11.616,49","11.617,06","11.569,51","","-0,23%"
"31/07/2019","11.616,49","11.574,23","11.616,49","11.538,04","","0,37%"
"29/07/2019","11.574,23","11.563,55","11.586,69","11.500,63","","0,09%"
"26/07/2019","11.563,98","11.517,68","11.565,68","11.492,58","","0,40%"
"25/07/2019","11.517,68","11.476,52","11.517,68","11.475,61","","0,36%"
"24/07/2019","11.476,52","11.471,66","11.493,84","11.451,08","","0,04%"
"23/07/2019","11.471,81","11.425,31","11.471,81","11.391,75","","0,41%"
"22/07/2019","11.425,31","11.481,99","11.481,99","11.416,75","","-0,49%"
"19/07/2019","11.482,12","11.415,17","11.483,61","11.391,65","","0,54%"
"18/07/2019","11.420,46","11.507,38","11.507,38","11.388,31","","-0,78%"
"17/07/2019","11.510,62","11.369,84","11.520,13","11.369,84","","1,23%"
"16/07/2019","11.370,67","11.278,21","11.370,67","11.277,27","","0,72%"
"15/07/2019","11.289,93","11.311,02","11.332,21","11.278,64","","-0,19%"
"12/07/2019","11.311,02","11.270,96","11.317,34","11.266,27","","0,35%"
"11/07/2019","11.271,78","11.293,70","11.354,60","11.253,76","","-0,19%"
"10/07/2019","11.293,70","11.214,16","11.293,70","11.204,36","","0,71%"
"09/07/2019","11.214,16","11.151,49","11.214,50","11.100,48","","0,56%"
"08/07/2019","11.151,49","11.241,00","11.245,33","11.124,22","","-0,80%"
"05/07/2019","11.241,00","11.249,63","11.252,48","11.210,83","","-0,25%"
"04/07/2019","11.269,44","11.258,08","11.283,22","11.195,13","","-0,14%"
"03/07/2019","11.285,46","11.215,04","11.286,74","11.211,43","","0,36%"
"02/07/2019","11.245,45","11.268,70","11.271,36","11.226,37","","-0,22%"
"01/07/2019","11.269,87","11.286,18","11.295,97","11.187,81","","-0,15%"
"28/06/2019","11.287,04","11.329,50","11.329,50","11.226,11","","-0,37%"
"27/06/2019","11.329,50","11.265,54","11.329,79","11.243,11","","0,33%"
"26/06/2019","11.291,82","11.294,00","11.318,16","11.276,45","","-0,11%"
"25/06/2019","11.303,82","11.344,74","11.344,74","11.194,68","","-0,38%"
"24/06/2019","11.346,76","11.409,42","11.409,42","11.286,33","","-0,80%"
"21/06/2019","11.437,84","11.449,86","11.466,96","11.399,43","","-0,60%"
"20/06/2019","11.506,77","11.465,00","11.508,87","11.440,99","","0,34%"
"19/06/2019","11.467,92","11.471,04","11.552,13","11.452,61","","-0,06%"
"18/06/2019","11.474,63","11.282,63","11.474,63","11.278,34","","1,62%"
"17/06/2019","11.291,33","11.072,74","11.297,84","11.070,42","","1,97%"
"14/06/2019","11.072,74","10.967,54","11.075,70","10.962,50","","0,95%"
"13/06/2019","10.968,42","10.962,79","10.991,67","10.938,92","","0,05%"
"12/06/2019","10.962,79","11.026,82","11.036,79","10.926,80","","-0,59%"
"11/06/2019","11.027,91","11.007,08","11.029,69","10.996,22","","0,19%"
"10/06/2019","11.007,37","11.034,35","11.042,73","10.947,69","","-0,24%"
"04/06/2019","11.034,35","11.010,09","11.034,35","10.964,76","","0,21%"
"03/06/2019","11.011,17","10.999,88","11.020,40","10.994,24","","0,10%"
"31/05/2019","10.999,88","11.045,81","11.088,43","10.999,88","","-0,42%"
"30/05/2019","11.045,81","11.073,06","11.121,40","11.029,81","","-0,25%"
"29/05/2019","11.073,06","11.134,41","11.138,88","11.036,88","","-0,55%"
"28/05/2019","11.134,41","11.051,89","11.134,41","11.051,89","","0,75%"
"27/05/2019","11.051,89","11.046,35","11.057,80","11.037,57","","-0,32%"
"24/05/2019","11.087,32","11.149,42","11.183,94","11.085,81","","-1,51%"
"23/05/2019","11.257,47","11.316,66","11.316,66","11.257,47","","-0,60%"
"22/05/2019","11.325,42","11.324,17","11.325,42","11.279,05","","0,01%"
"21/05/2019","11.324,17","11.391,08","11.392,13","11.289,08","","-0,59%"
"20/05/2019","11.391,08","11.344,87","11.407,81","11.300,59","","0,35%"
"17/05/2019","11.351,52","11.420,17","11.430,08","11.350,98","","-0,60%"
"16/05/2019","11.420,17","11.342,59","11.420,17","11.309,67","","0,68%"
"15/05/2019","11.342,59","11.247,51","11.344,47","11.217,70","","0,85%"
"14/05/2019","11.247,51","11.222,47","11.247,51","11.203,81","","0,22%"
"13/05/2019","11.222,47","11.237,50","11.238,17","11.219,69","","-0,13%"
"10/05/2019","11.237,50","11.243,67","11.271,15","11.222,81","","-0,05%"
"09/05/2019","11.243,67","11.216,73","11.243,67","11.186,69","","0,24%"
"08/05/2019","11.216,73","11.196,41","11.254,77","11.179,12","","0,18%"
"07/05/2019","11.196,41","11.161,58","11.199,46","11.151,93","","0,31%"
"06/05/2019","11.161,58","11.161,26","11.171,97","11.139,74","","0,00%"
"03/05/2019","11.161,26","11.172,13","11.181,24","11.121,88","","-0,10%"
"02/05/2019","11.172,13","11.192,06","11.202,28","11.120,50","","-0,18%"
"30/04/2019","11.192,06","11.141,59","11.201,92","11.121,02","","0,43%"
"29/04/2019","11.144,09","11.138,51","11.152,59","11.127,21","","0,05%"
"26/04/2019","11.138,51","11.125,06","11.170,62","11.107,63","","0,11%"
"25/04/2019","11.126,67","11.106,02","11.136,31","11.090,41","","0,19%"
"24/04/2019","11.106,02","11.154,18","11.154,18","11.086,24","","-0,43%"
"23/04/2019","11.154,18","11.148,57","11.182,03","11.131,95","","0,05%"
"22/04/2019","11.148,57","11.113,87","11.153,50","11.109,93","","0,31%"
"19/04/2019","11.113,87","11.091,55","11.141,20","11.062,79","","0,20%"
"18/04/2019","11.091,55","11.095,37","11.116,83","11.058,68","","-0,03%"
"17/04/2019","11.095,37","11.064,06","11.101,41","11.056,35","","0,28%"
"16/04/2019","11.064,06","11.037,28","11.064,06","11.022,23","","0,24%"
"15/04/2019","11.037,28","11.015,00","11.037,28","10.996,06","","0,20%"
"12/04/2019","11.015,00","11.022,73","11.097,84","10.994,04","","-0,07%"
"11/04/2019","11.022,73","10.998,61","11.028,70","10.993,86","","0,22%"
"10/04/2019","10.998,61","10.973,08","11.004,75","10.958,30","","0,23%"
"09/04/2019","10.973,08","11.015,94","11.015,94","10.945,68","","-0,39%"
"08/04/2019","11.015,94","10.928,02","11.019,13","10.928,02","","0,80%"
"05/04/2019","10.928,02","10.996,79","10.997,76","10.928,02","","-0,71%"
"04/04/2019","11.005,81","11.000,63","11.005,90","10.989,80","","0,05%"
"03/04/2019","11.000,63","11.049,08","11.093,53","10.989,28","","-0,44%"
"02/04/2019","11.049,08","10.990,78","11.049,16","10.990,78","","0,53%"
"01/04/2019","10.990,78","10.912,23","10.992,10","10.882,38","","0,72%"
"29/03/2019","10.912,23","11.092,90","11.092,90","10.910,98","","-1,63%"
"28/03/2019","11.092,90","11.084,66","11.152,43","11.068,37","","0,07%"
"27/03/2019","11.084,66","11.075,78","11.111,19","11.035,97","","0,08%"
"26/03/2019","11.075,78","11.021,59","11.075,78","10.964,96","","0,43%"
"25/03/2019","11.028,19","10.965,18","11.028,19","10.959,27","","0,57%"
"22/03/2019","10.965,18","11.145,82","11.206,08","10.965,18","","-1,62%"
"21/03/2019","11.145,82","11.154,79","11.201,54","11.109,42","","-0,08%"
"20/03/2019","11.154,79","11.112,39","11.180,07","11.096,04","","0,38%"
"19/03/2019","11.112,39","10.987,05","11.112,39","10.987,05","","1,14%"
"18/03/2019","10.987,05","10.978,78","10.996,18","10.974,06","","0,08%"
"15/03/2019","10.978,78","11.000,68","11.080,12","10.978,78","","-0,20%"
"14/03/2019","11.000,68","11.114,69","11.142,50","11.000,60","","-1,03%"
"13/03/2019","11.114,69","11.117,76","11.126,88","11.052,20","","-0,03%"
"12/03/2019","11.117,76","11.103,20","11.152,32","11.097,62","","0,13%"
"11/03/2019","11.103,20","11.106,95","11.121,52","11.090,41","","-0,03%"
"08/03/2019","11.106,95","11.146,56","11.172,21","11.106,41","","-0,36%"
"07/03/2019","11.146,56","11.171,52","11.206,61","11.122,67","","-0,22%"
"06/03/2019","11.171,52","11.183,36","11.183,36","11.069,79","","-0,11%"
"05/03/2019","11.183,36","11.192,98","11.200,73","11.156,25","","-0,09%"
"04/03/2019","11.192,98","11.163,70","11.206,41","11.127,74","","0,26%"
"01/03/2019","11.163,70","11.136,57","11.183,38","11.122,41","","0,24%"
"28/02/2019","11.136,57","11.250,78","11.250,81","11.124,34","","-1,02%"
"27/02/2019","11.250,78","11.314,83","11.314,99","11.232,41","","-0,57%"
"26/02/2019","11.314,83","11.249,65","11.316,75","11.233,77","","0,58%"
"25/02/2019","11.249,65","11.296,67","11.330,14","11.239,23","","-0,42%"
"22/02/2019","11.296,67","11.382,81","11.416,74","11.296,02","","-0,76%"
"21/02/2019","11.382,81","11.416,50","11.417,19","11.354,47","","-0,30%"
"20/02/2019","11.416,50","11.483,90","11.501,53","11.415,18","","-0,59%"
"19/02/2019","11.483,90","11.422,13","11.483,90","11.401,13","","0,54%"
"18/02/2019","11.422,13","11.384,56","11.504,75","11.384,56","","0,33%"
"15/02/2019","11.384,56","11.453,22","11.472,21","11.384,56","","-0,60%"
"14/02/2019","11.453,22","11.484,88","11.509,40","11.453,22","","-0,28%"
"13/02/2019","11.484,88","11.501,53","11.502,20","11.456,25","","-0,14%"
"12/02/2019","11.501,53","11.385,03","11.501,53","11.384,19","","1,02%"
"11/02/2019","11.385,03","11.375,15","11.398,43","11.371,79","","0,09%"
"08/02/2019","11.375,15","11.347,05","11.387,31","11.322,17","","0,25%"
"07/02/2019","11.347,05","11.403,56","11.419,51","11.340,14","","-0,50%"
"06/02/2019","11.403,56","11.381,42","11.403,56","11.360,43","","0,19%"
"05/02/2019","11.381,42","11.382,54","11.420,45","11.365,26","","-0,01%"
"04/02/2019","11.382,54","11.358,73","11.398,85","11.350,37","","0,21%"
"01/02/2019","11.358,73","11.350,73","11.462,49","11.350,73","","0,07%"
"31/01/2019","11.350,73","11.428,15","11.448,03","11.350,43","","-0,68%"
"30/01/2019","11.428,15","11.384,91","11.452,61","11.379,48","","0,38%"
"29/01/2019","11.384,91","11.335,86","11.389,44","11.319,52","","0,43%"
"28/01/2019","11.335,86","11.301,89","11.340,21","11.301,89","","0,30%"
"25/01/2019","11.301,89","11.324,63","11.413,92","11.301,89","","-0,20%"
"24/01/2019","11.324,63","11.284,85","11.372,79","11.267,41","","0,35%"
"23/01/2019","11.284,85","11.245,72","11.284,85","11.221,84","","0,35%"
"22/01/2019","11.245,72","11.192,32","11.249,03","11.182,09","","0,48%"
"21/01/2019","11.192,32","11.202,72","11.229,19","11.188,52","","-0,09%"
"18/01/2019","11.202,72","11.194,65","11.233,97","11.169,86","","0,07%"
"17/01/2019","11.194,65","11.124,74","11.195,26","11.116,68","","0,63%"
"16/01/2019","11.124,74","11.185,31","11.192,93","11.111,97","","-0,54%"
"15/01/2019","11.185,31","11.055,98","11.187,97","11.043,22","","1,17%"
"14/01/2019","11.055,98","11.089,52","11.097,31","11.036,36","","-0,30%"
"10/01/2019","11.089,52","11.082,41","11.089,52","11.052,62","","0,06%"
"09/01/2019","11.082,41","11.083,87","11.118,58","11.060,20","","-0,01%"
"08/01/2019","11.083,87","11.081,50","11.086,47","11.056,77","","0,02%"
"07/01/2019","11.081,50","11.120,89","11.125,86","11.081,50","","-0,35%"
"04/01/2019","11.120,89","11.187,58","11.246,66","11.118,78","","-0,60%"
"03/01/2019","11.187,58","11.306,19","11.306,33","11.187,58","","-1,05%"
"02/01/2019","11.306,19","11.364,31","11.371,27","11.258,80","","-0,51%"
"31/12/2018","11.364,31","11.188,28","11.368,06","11.188,16","","1,57%"
"28/12/2018","11.188,28","11.253,76","11.319,66","11.184,00","","-0,58%"
"27/12/2018","11.253,76","11.255,24","11.287,95","11.240,71","","-0,01%"
"26/12/2018","11.255,24","11.226,37","11.271,54","11.223,44","","0,26%"
"25/12/2018","11.226,37","11.183,78","11.258,01","11.179,34","","0,38%"
"24/12/2018","11.183,78","11.176,00","11.209,65","11.166,96","","0,07%"
"21/12/2018","11.176,00","11.205,40","11.252,67","11.176,00","","-0,26%"
"20/12/2018","11.205,40","11.204,09","11.217,74","11.172,64","","0,01%"
"19/12/2018","11.204,09","11.194,52","11.231,30","11.175,71","","0,09%"
"18/12/2018","11.194,52","11.205,73","11.234,51","11.192,76","","-0,10%"
"17/12/2018","11.205,73","11.143,73","11.210,37","11.120,13","","0,56%"
"14/12/2018","11.143,73","11.237,51","11.274,58","11.141,45","","-0,83%"
"13/12/2018","11.237,51","11.214,37","11.246,46","11.199,07","","0,21%"
"12/12/2018","11.214,37","11.280,89","11.282,18","11.214,37","","-0,59%"
"11/12/2018","11.280,89","11.239,20","11.280,89","11.178,75","","0,37%"
"10/12/2018","11.239,20","11.204,04","11.242,16","11.194,97","","0,31%"
"07/12/2018","11.204,04","11.281,74","11.293,96","11.202,28","","-0,69%"
"06/12/2018","11.281,74","11.320,03","11.324,55","11.261,48","","-0,34%"
"05/12/2018","11.320,03","11.301,24","11.325,00","11.290,37","","0,17%"
"04/12/2018","11.301,24","11.235,23","11.301,24","11.173,79","","0,59%"
"03/12/2018","11.235,23","11.229,28","11.277,13","11.199,98","","0,05%"
"30/11/2018","11.229,28","11.202,53","11.240,36","11.147,40","","0,24%"
"29/11/2018","11.202,53","11.229,32","11.316,03","11.202,53","","-0,24%"
"28/11/2018","11.228,99","11.180,98","11.234,57","11.179,19","","0,43%"
"27/11/2018","11.180,98","11.158,62","11.181,17","11.154,84","","0,20%"
"26/11/2018","11.158,62","11.134,16","11.164,36","11.073,59","","0,22%"
"23/11/2018","11.134,16","11.170,86","11.192,17","11.133,89","","-0,33%"
"22/11/2018","11.170,86","11.210,37","11.210,43","11.163,78","","-0,35%"
"19/11/2018","11.210,37","11.143,56","11.210,37","11.072,35","","0,60%"
"16/11/2018","11.143,56","11.153,28","11.171,43","11.136,30","","-0,09%"
"15/11/2018","11.153,28","11.110,44","11.178,28","11.110,44","","0,39%"
"14/11/2018","11.110,44","11.055,01","11.111,24","11.047,22","","0,50%"
"13/11/2018","11.055,01","10.989,98","11.063,05","10.969,50","","0,59%"
"12/11/2018","10.989,98","11.076,25","11.108,32","10.986,56","","-0,78%"
"09/11/2018","11.076,25","11.020,53","11.095,63","11.005,44","","0,51%"
"08/11/2018","11.020,53","10.912,04","11.041,56","10.909,50","","0,99%"
"07/11/2018","10.912,04","10.897,44","10.946,90","10.885,88","","0,13%"
"05/11/2018","10.897,44","10.885,51","10.978,60","10.876,79","","0,11%"
"02/11/2018","10.885,51","10.902,94","10.937,68","10.874,77","","-0,16%"
"01/11/2018","10.902,94","10.919,67","10.959,25","10.883,55","","-0,15%"
"31/10/2018","10.919,67","10.916,02","10.958,94","10.905,91","","0,03%"
"30/10/2018","10.916,02","11.028,07","11.028,07","10.912,01","","-1,02%"
"29/10/2018","11.028,07","11.070,96","11.086,44","11.022,89","","-0,39%"
"26/10/2018","11.070,96","11.099,91","11.124,68","11.057,91","","-0,26%"
"25/10/2018","11.099,91","11.139,81","11.150,23","11.099,10","","-0,36%"
"24/10/2018","11.139,81","11.185,45","11.187,33","11.138,48","","-0,41%"
"23/10/2018","11.185,45","11.183,50","11.191,88","11.125,03","","0,02%"
"22/10/2018","11.183,50","11.119,06","11.183,50","11.103,06","","0,58%"
"19/10/2018","11.119,06","11.157,90","11.207,77","11.116,29","","-0,35%"
"18/10/2018","11.157,90","11.152,98","11.162,36","11.079,39","","0,04%"
"17/10/2018","11.152,98","11.168,68","11.168,68","11.121,44","","-0,14%"
"16/10/2018","11.168,68","11.141,39","11.168,68","11.111,84","","0,24%"
"15/10/2018","11.141,39","11.151,45","11.164,88","11.137,63","","-0,09%"
"12/10/2018","11.151,45","11.160,65","11.211,69","11.148,71","","-0,08%"
"11/10/2018","11.160,65","11.184,14","11.201,66","11.155,27","","-0,21%"
"10/10/2018","11.184,14","11.224,54","11.243,43","11.176,50","","-0,36%"
"09/10/2018","11.224,54","11.190,52","11.232,00","11.169,32","","0,30%"
"08/10/2018","11.190,52","11.211,21","11.217,08","11.162,74","","-0,18%"
"05/10/2018","11.211,21","11.328,88","11.342,12","11.211,21","","-1,04%"
"04/10/2018","11.328,88","11.311,64","11.344,71","11.309,75","","0,15%"
"03/10/2018","11.311,64","11.303,08","11.320,17","11.261,98","","0,08%"
"02/10/2018","11.303,08","11.267,03","11.318,33","11.267,03","","0,32%"
"01/10/2018","11.267,03","11.335,55","11.336,22","11.267,03","","-0,60%"
"28/09/2018","11.335,55","11.377,24","11.383,95","11.311,94","","-0,37%"
"27/09/2018","11.377,24","11.329,76","11.377,24","11.260,88","","0,42%"
"26/09/2018","11.329,76","11.238,86","11.329,76","11.189,26","","0,81%"
"25/09/2018","11.238,86","11.140,82","11.241,92","11.124,14","","0,88%"
"24/09/2018","11.140,82","11.196,39","11.208,53","11.136,55","","-0,50%"
"21/09/2018","11.196,39","11.199,02","11.215,19","11.153,73","","-0,02%"
"20/09/2018","11.199,02","11.146,18","11.222,29","11.144,37","","0,47%"
"19/09/2018","11.146,18","11.166,78","11.168,46","11.125,29","","-0,34%"
"18/09/2018","11.184,02","11.137,44","11.185,39","11.106,19","","0,41%"
"17/09/2018","11.138,11","11.156,70","11.179,79","11.098,61","","-0,22%"
"14/09/2018","11.162,43","11.210,32","11.210,32","11.162,01","","-0,43%"
"13/09/2018","11.210,89","11.151,04","11.216,41","11.124,07","","0,54%"
"12/09/2018","11.151,04","11.156,43","11.173,02","11.133,73","","-0,05%"
"10/09/2018","11.156,43","11.102,93","11.180,72","11.098,13","","0,48%"
"07/09/2018","11.102,93","11.299,64","11.348,78","11.102,93","","-1,74%"
"06/09/2018","11.299,89","11.391,81","11.411,72","11.299,89","","-0,81%"
"05/09/2018","11.391,81","11.468,87","11.469,02","11.367,96","","-0,67%"
"04/09/2018","11.468,87","11.464,07","11.516,46","11.454,51","","0,04%"
"03/09/2018","11.464,07","11.546,49","11.546,49","11.453,19","","-0,71%"
"31/08/2018","11.546,49","11.610,59","11.611,54","11.523,51","","-0,55%"
"30/08/2018","11.610,59","11.639,63","11.639,63","11.578,47","","-0,25%"
"29/08/2018","11.639,63","11.696,53","11.708,11","11.639,61","","-0,49%"
"28/08/2018","11.696,53","11.669,55","11.706,46","11.660,00","","0,23%"
"27/08/2018","11.669,55","11.702,75","11.725,11","11.669,07","","-0,28%"
"24/08/2018","11.702,84","11.720,32","11.720,37","11.658,22","","-0,15%"
"17/08/2018","11.720,32","11.603,72","11.720,32","11.575,61","","1,00%"
"16/08/2018","11.603,72","11.610,79","11.645,93","11.569,43","","-0,06%"
"15/08/2018","11.610,79","11.618,28","11.618,28","11.576,41","","-0,06%"
"13/08/2018","11.618,28","11.702,66","11.702,66","11.598,75","","-0,72%"
"10/08/2018","11.702,66","11.774,66","11.820,72","11.698,30","","-0,61%"
"09/08/2018","11.774,66","11.785,22","11.787,32","11.747,65","","-0,09%"
"08/08/2018","11.785,22","11.773,35","11.785,91","11.732,02","","0,10%"
"07/08/2018","11.773,35","11.751,00","11.781,82","11.724,40","","0,19%"
"06/08/2018","11.751,00","11.732,55","11.759,26","11.667,65","","0,16%"
"03/08/2018","11.732,55","11.760,53","11.774,00","11.679,81","","-0,24%"
"02/08/2018","11.760,53","11.709,14","11.800,74","11.702,85","","0,44%"
"01/08/2018","11.709,14","11.746,14","11.765,35","11.665,52","","-0,31%"
"31/07/2018","11.746,14","11.736,66","11.758,72","11.700,43","","0,08%"
"27/07/2018","11.736,66","11.652,05","11.767,19","11.642,83","","0,73%"
"26/07/2018","11.652,05","11.603,72","11.652,05","11.590,50","","0,42%"
"25/07/2018","11.603,72","11.539,70","11.621,00","11.539,70","","0,54%"
"24/07/2018","11.541,22","11.534,44","11.578,25","11.523,69","","0,06%"
"23/07/2018","11.534,44","11.427,84","11.588,17","11.419,20","","0,93%"
"20/07/2018","11.427,98","11.322,00","11.432,12","11.318,73","","0,94%"
"19/07/2018","11.322,00","11.330,35","11.380,01","11.308,27","","-0,07%"
"18/07/2018","11.330,35","11.393,38","11.397,60","11.307,64","","-0,62%"
"17/07/2018","11.401,00","11.484,30","11.505,75","11.401,00","","-0,74%"
"16/07/2018","11.486,10","11.478,04","11.563,02","11.478,04","","0,00%"
"13/07/2018","11.486,28","11.596,04","11.596,04","11.481,13","","-0,95%"
"12/07/2018","11.596,62","11.599,39","11.625,55","11.591,01","","-0,02%"
"11/07/2018","11.599,39","11.740,63","11.740,63","11.579,08","","-1,20%"
"10/07/2018","11.740,63","11.721,58","11.827,35","11.721,58","","0,16%"
"09/07/2018","11.721,61","11.703,00","11.786,05","11.675,80","","0,16%"
"06/07/2018","11.703,00","11.692,22","11.734,85","11.668,30","","-0,10%"
"05/07/2018","11.714,66","11.712,05","11.806,57","11.681,46","","-0,01%"
"04/07/2018","11.715,64","11.685,29","11.717,69","11.651,99","","0,26%"
"03/07/2018","11.685,29","11.898,40","11.910,79","11.685,29","","-1,80%"
"02/07/2018","11.899,62","11.878,65","12.043,07","11.867,89","","0,18%"
"29/06/2018","11.878,65","11.979,62","12.002,58","11.874,14","","-1,04%"
"28/06/2018","12.003,69","12.016,54","12.017,03","11.939,14","","-0,11%"
"27/06/2018","12.016,54","12.006,04","12.028,11","11.968,35","","0,01%"
"26/06/2018","12.015,63","12.103,42","12.122,06","11.986,60","","-0,96%"
"25/06/2018","12.131,71","12.213,24","12.253,52","12.117,05","","-0,83%"
"22/06/2018","12.233,63","12.188,53","12.251,35","12.151,97","","0,37%"
"21/06/2018","12.188,53","12.216,38","12.225,75","12.166,30","","-0,71%"
"20/06/2018","12.275,93","12.235,55","12.292,14","12.234,24","","0,28%"
"19/06/2018","12.242,03","12.306,20","12.347,21","12.217,39","","-0,58%"
"18/06/2018","12.313,82","12.324,62","12.359,16","12.298,26","","-0,09%"
"14/06/2018","12.324,62","12.382,65","12.404,94","12.305,74","","-0,47%"
"13/06/2018","12.382,65","12.397,51","12.403,61","12.330,52","","-0,13%"
"12/06/2018","12.398,96","12.402,41","12.431,52","12.384,21","","-0,04%"
"11/06/2018","12.403,39","12.417,32","12.429,98","12.375,96","","-0,29%"
"08/06/2018","12.439,91","12.434,47","12.467,30","12.382,36","","0,04%"
"07/06/2018","12.434,81","12.274,08","12.434,81","12.273,33","","1,30%"
"06/06/2018","12.275,14","12.251,50","12.289,31","12.245,02","","0,18%"
"05/06/2018","12.253,68","12.253,29","12.268,28","12.206,94","","-0,03%"
"04/06/2018","12.257,00","12.247,40","12.272,15","12.225,27","","0,08%"
"01/06/2018","12.247,40","12.311,71","12.374,98","12.234,87","","-0,71%"
"31/05/2018","12.335,37","12.388,80","12.427,64","12.335,37","","-0,45%"
"30/05/2018","12.390,95","12.391,79","12.429,79","12.382,34","","-0,01%"
"29/05/2018","12.391,79","12.432,65","12.436,35","12.352,65","","-0,33%"
"28/05/2018","12.432,65","12.461,92","12.505,58","12.413,00","","-0,55%"
"25/05/2018","12.501,86","12.355,46","12.504,10","12.339,25","","0,32%"
"24/05/2018","12.462,05","12.499,36","12.509,81","12.436,28","","-0,30%"
"23/05/2018","12.499,36","12.541,69","12.586,74","12.499,36","","-0,41%"
"22/05/2018","12.550,73","12.589,32","12.654,68","12.545,42","","-0,31%"
"21/05/2018","12.589,32","12.631,94","12.637,36","12.564,60","","-0,34%"
"18/05/2018","12.631,94","12.694,12","12.701,14","12.614,56","","-0,49%"
"17/05/2018","12.694,12","12.689,15","12.722,67","12.674,32","","0,04%"
"16/05/2018","12.689,15","12.761,64","12.792,27","12.669,11","","-0,57%"
"15/05/2018","12.761,64","12.814,08","12.822,13","12.754,78","","-0,41%"
"14/05/2018","12.814,08","12.876,00","12.888,62","12.814,08","","-0,48%"
"11/05/2018","12.876,00","12.882,03","12.898,17","12.848,39","","-0,05%"
"10/05/2018","12.882,03","12.937,57","12.943,39","12.882,03","","-0,43%"
"09/05/2018","12.937,57","12.935,46","12.964,98","12.923,87","","0,02%"
"08/05/2018","12.935,46","13.022,25","13.024,53","12.908,17","","-0,67%"
"07/05/2018","13.022,25","13.038,74","13.040,59","12.986,67","","-0,13%"
"04/05/2018","13.038,74","12.989,48","13.038,74","12.925,24","","0,38%"
"03/05/2018","12.989,48","13.001,18","13.026,82","12.947,79","","-0,09%"
"02/05/2018","13.001,18","13.028,01","13.067,59","12.994,53","","-0,21%"
"30/04/2018","13.028,01","13.056,86","13.093,59","13.016,18","","-0,22%"
"27/04/2018","13.056,86","12.939,34","13.056,86","12.939,18","","0,91%"
"26/04/2018","12.939,34","12.945,02","12.973,43","12.933,40","","-0,05%"
"25/04/2018","12.945,33","12.963,53","12.980,07","12.940,85","","-0,14%"
"24/04/2018","12.963,53","12.959,65","12.990,84","12.952,87","","0,03%"
"23/04/2018","12.959,65","12.974,23","12.995,42","12.892,36","","-0,11%"
"20/04/2018","12.974,23","12.941,94","12.974,23","12.870,87","","0,25%"
"19/04/2018","12.941,94","12.887,49","12.941,94","12.887,30","","0,42%"
"18/04/2018","12.887,49","12.902,19","12.921,66","12.856,30","","-0,11%"
"17/04/2018","12.902,19","12.884,61","12.916,68","12.878,31","","0,06%"
"16/04/2018","12.893,87","12.993,74","12.996,14","12.890,23","","-0,77%"
"13/04/2018","12.993,74","12.930,70","12.993,74","12.885,19","","0,49%"
"12/04/2018","12.930,70","12.925,49","12.935,66","12.872,03","","0,04%"
"11/04/2018","12.925,57","12.935,64","12.951,98","12.922,83","","-0,08%"
"10/04/2018","12.935,64","12.912,01","12.939,21","12.840,72","","0,18%"
"09/04/2018","12.912,01","12.895,23","12.926,46","12.854,19","","0,13%"
"06/04/2018","12.895,23","12.855,80","12.901,22","12.795,29","","0,31%"
"05/04/2018","12.855,80","12.895,20","12.903,02","12.826,47","","-0,31%"
"04/04/2018","12.895,20","12.849,44","12.895,25","12.805,41","","0,36%"
"03/04/2018","12.849,44","12.981,86","12.981,86","12.849,44","","-1,02%"
"02/04/2018","12.981,86","13.062,38","13.062,38","12.969,19","","-0,62%"
"30/03/2018","13.062,38","13.010,77","13.080,52","12.889,72","","0,40%"
"29/03/2018","13.010,77","13.026,15","13.050,12","12.999,63","","-0,12%"
"28/03/2018","13.026,15","13.030,88","13.034,16","12.998,69","","-0,04%"
"27/03/2018","13.030,88","13.097,48","13.142,24","13.019,00","","-0,51%"
"26/03/2018","13.097,48","13.065,18","13.105,36","13.058,57","","0,25%"
"23/03/2018","13.065,18","13.008,17","13.088,97","12.987,48","","0,44%"
"22/03/2018","13.008,17","13.020,21","13.020,21","12.910,85","","-0,09%"
"21/03/2018","13.020,21","13.142,36","13.157,83","13.011,08","","-0,93%"
"20/03/2018","13.142,36","13.164,74","13.185,65","13.142,29","","-0,17%"
"19/03/2018","13.164,74","13.208,59","13.208,64","13.152,98","","-0,33%"
"16/03/2018","13.208,59","13.190,30","13.222,71","13.189,12","","0,14%"
"15/03/2018","13.190,30","13.189,60","13.220,69","13.162,03","","0,01%"
"14/03/2018","13.189,60","13.217,60","13.217,60","13.161,19","","-0,21%"
"13/03/2018","13.217,60","13.249,37","13.264,09","13.197,01","","-0,24%"
"12/03/2018","13.249,37","13.284,94","13.284,94","13.232,56","","-0,27%"
"09/03/2018","13.284,94","13.265,22","13.293,52","13.213,07","","0,15%"
"08/03/2018","13.265,22","13.158,82","13.268,36","13.158,79","","0,81%"
"07/03/2018","13.158,82","13.179,19","13.182,70","13.144,42","","-0,15%"
"06/03/2018","13.179,19","13.150,00","13.190,73","13.136,07","","0,22%"
"05/03/2018","13.150,00","13.167,08","13.177,29","13.123,69","","-0,13%"
"02/03/2018","13.167,08","13.160,04","13.180,88","13.127,08","","0,05%"
"01/03/2018","13.160,04","13.142,71","13.178,11","13.100,37","","0,13%"
"28/02/2018","13.142,71","13.128,81","13.199,17","13.120,44","","0,11%"
"27/02/2018","13.128,81","13.147,78","13.171,46","13.088,13","","-0,14%"
"26/02/2018","13.147,78","13.215,31","13.273,18","13.136,95","","-0,51%"
"23/02/2018","13.215,31","13.195,02","13.228,29","13.176,29","","0,15%"
"22/02/2018","13.195,02","13.160,33","13.195,02","13.144,41","","0,26%"
"21/02/2018","13.160,33","13.184,53","13.189,98","13.142,15","","-0,18%"
"20/02/2018","13.184,53","13.227,59","13.237,75","13.169,39","","-0,33%"
"19/02/2018","13.227,59","13.161,41","13.253,23","13.160,72","","0,50%"
"16/02/2018","13.161,41","13.104,92","13.182,90","13.084,30","","0,43%"
"15/02/2018","13.104,92","13.051,88","13.105,63","13.045,06","","0,41%"
"14/02/2018","13.051,88","13.108,75","13.108,79","13.045,44","","-0,43%"
"13/02/2018","13.108,75","13.053,88","13.108,75","13.015,70","","0,42%"
"12/02/2018","13.053,88","13.096,31","13.096,31","13.053,77","","-0,32%"
"09/02/2018","13.096,31","13.064,93","13.098,49","13.042,01","","0,24%"
"08/02/2018","13.064,93","12.997,44","13.066,15","12.975,30","","0,52%"
"07/02/2018","12.997,44","13.104,61","13.174,30","12.997,44","","-0,82%"
"06/02/2018","13.104,61","13.231,06","13.240,08","13.092,88","","-0,96%"
"05/02/2018","13.231,06","13.280,76","13.283,33","13.176,19","","-0,37%"
"02/02/2018","13.280,76","13.278,30","13.387,50","13.275,49","","0,02%"
"01/02/2018","13.278,30","13.075,49","13.282,28","13.065,23","","1,55%"
"31/01/2018","13.075,49","13.010,59","13.075,49","13.006,87","","0,50%"
"30/01/2018","13.010,59","12.982,43","13.024,89","12.970,52","","0,22%"
"29/01/2018","12.982,43","13.010,56","13.012,34","12.955,02","","-0,22%"
"26/01/2018","13.010,56","13.017,16","13.018,28","12.949,67","","-0,05%"
"25/01/2018","13.017,16","12.999,99","13.027,01","12.996,31","","0,13%"
"24/01/2018","12.999,99","12.955,25","13.110,13","12.951,00","","0,35%"
"23/01/2018","12.955,25","12.963,94","12.964,24","12.901,68","","-0,07%"
"22/01/2018","12.963,94","12.950,73","12.963,94","12.920,66","","0,10%"
"19/01/2018","12.950,73","12.849,51","12.972,09","12.838,89","","0,79%"
"18/01/2018","12.849,51","12.928,31","12.928,31","12.848,83","","-0,61%"
"17/01/2018","12.928,31","12.939,66","12.946,67","12.855,34","","-0,09%"
"16/01/2018","12.939,66","12.863,11","13.028,65","12.837,23","","0,60%"
"15/01/2018","12.863,11","12.666,40","12.874,37","12.646,53","","1,55%"
"12/01/2018","12.666,40","12.538,50","12.666,40","12.526,17","","1,02%"
"10/01/2018","12.538,50","12.504,46","12.551,41","12.498,39","","0,27%"
"09/01/2018","12.504,46","12.479,42","12.508,82","12.462,27","","0,20%"
"08/01/2018","12.479,42","12.537,75","12.568,29","12.462,70","","-0,47%"
"05/01/2018","12.537,75","12.463,08","12.538,65","12.430,09","","0,60%"
"04/01/2018","12.463,08","12.509,58","12.543,53","12.434,17","","-0,37%"
"03/01/2018","12.509,58","12.420,15","12.510,45","12.380,18","","0,72%"
"02/01/2018","12.420,15","12.388,82","12.442,75","12.372,18","","0,25%"
"29/12/2017","12.388,82","12.337,77","12.410,46","12.307,44","","0,41%"
"28/12/2017","12.337,77","12.311,94","12.389,74","12.307,12","","0,21%"
"27/12/2017","12.311,94","12.293,81","12.322,65","12.276,66","","0,15%"
"26/12/2017","12.293,81","12.266,91","12.308,48","12.205,16","","0,22%"
"25/12/2017","12.266,91","12.174,96","12.266,91","12.161,15","","0,76%"
"22/12/2017","12.174,96","12.198,05","12.198,05","12.100,40","","-0,19%"
"21/12/2017","12.198,05","12.251,32","12.298,72","12.198,05","","-0,43%"
"20/12/2017","12.251,32","12.316,85","12.318,05","12.251,32","","-0,53%"
"19/12/2017","12.316,85","12.334,29","12.356,64","12.307,00","","-0,14%"
"18/12/2017","12.334,29","12.384,04","12.389,00","12.311,32","","-0,40%"
"15/12/2017","12.384,04","12.441,73","12.463,94","12.384,04","","-0,46%"
"14/12/2017","12.441,73","12.412,16","12.442,51","12.385,33","","0,22%"
"13/12/2017","12.414,85","12.459,82","12.461,56","12.395,09","","-0,36%"
"12/12/2017","12.459,82","12.332,14","12.459,82","12.323,61","","1,04%"
"11/12/2017","12.332,14","12.386,90","12.415,10","12.332,14","","-0,44%"
"08/12/2017","12.386,90","12.359,48","12.421,18","12.326,61","","0,22%"
"07/12/2017","12.359,48","12.284,28","12.444,22","12.279,11","","0,61%"
"06/12/2017","12.284,28","12.414,51","12.444,78","12.284,28","","-1,05%"
"05/12/2017","12.414,51","12.454,85","12.472,63","12.405,36","","-0,32%"
"04/12/2017","12.454,85","12.568,42","12.577,59","12.448,99","","-0,90%"
"30/11/2017","12.568,42","12.656,66","12.666,87","12.539,22","","-0,70%"
"29/11/2017","12.656,66","12.602,44","12.656,88","12.583,69","","0,43%"
"28/11/2017","12.602,44","12.579,36","12.611,70","12.565,29","","0,18%"
"27/11/2017","12.579,36","12.572,30","12.607,13","12.550,90","","0,06%"
"24/11/2017","12.572,30","12.562,87","12.580,86","12.537,66","","0,08%"
"23/11/2017","12.562,87","12.562,59","12.579,39","12.553,44","","0,00%"
"22/11/2017","12.562,59","12.580,24","12.583,88","12.545,93","","-0,14%"
"21/11/2017","12.580,24","12.597,29","12.597,39","12.551,69","","-0,14%"
"20/11/2017","12.597,29","12.621,52","12.637,65","12.576,15","","-0,19%"
"17/11/2017","12.621,52","12.618,09","12.630,84","12.574,68","","0,03%"
"16/11/2017","12.618,09","12.686,68","12.687,61","12.608,76","","-0,55%"
"15/11/2017","12.687,87","12.722,59","12.728,28","12.626,37","","-0,27%"
"14/11/2017","12.722,59","12.744,19","12.750,80","12.690,32","","-0,17%"
"13/11/2017","12.744,19","12.612,90","12.744,19","12.544,81","","1,04%"
"10/11/2017","12.612,90","12.430,26","12.613,01","12.428,90","","1,47%"
"09/11/2017","12.430,26","12.389,11","12.430,68","12.382,67","","0,33%"
"08/11/2017","12.389,11","12.406,36","12.437,28","12.382,12","","-0,14%"
"07/11/2017","12.406,36","12.451,64","12.494,37","12.406,36","","-0,36%"
"03/11/2017","12.451,64","12.350,04","12.451,64","12.342,44","","0,82%"
"02/11/2017","12.350,04","12.424,38","12.434,10","12.350,04","","-0,60%"
"01/11/2017","12.424,38","12.373,04","12.425,66","12.367,23","","0,41%"
"31/10/2017","12.373,04","12.334,33","12.373,04","12.328,51","","0,31%"
"30/10/2017","12.334,33","12.402,61","12.420,66","12.334,33","","-0,55%"
"27/10/2017","12.402,61","12.362,96","12.406,56","12.314,99","","0,32%"
"26/10/2017","12.362,96","12.333,52","12.366,01","12.320,05","","0,24%"
"25/10/2017","12.333,52","12.355,76","12.366,85","12.326,87","","-0,18%"
"24/10/2017","12.355,76","12.320,93","12.366,05","12.305,45","","0,28%"
"23/10/2017","12.320,93","12.306,90","12.333,08","12.302,26","","0,11%"
"20/10/2017","12.306,90","12.368,27","12.407,57","12.306,90","","-0,50%"
"19/10/2017","12.368,27","12.397,24","12.403,81","12.349,84","","-0,23%"
"18/10/2017","12.397,24","12.350,39","12.398,34","12.334,87","","0,38%"
"17/10/2017","12.350,39","12.371,94","12.385,61","12.349,90","","-0,17%"
"16/10/2017","12.371,94","12.484,82","12.484,82","12.371,33","","-0,90%"
"13/10/2017","12.484,82","12.427,99","12.484,82","12.383,99","","0,46%"
"12/10/2017","12.427,99","12.423,91","12.435,80","12.399,65","","0,03%"
"11/10/2017","12.423,91","12.425,14","12.431,54","12.396,68","","-0,01%"
"10/10/2017","12.425,14","12.422,57","12.425,14","12.376,21","","0,02%"
"09/10/2017","12.422,57","12.392,80","12.422,57","12.344,33","","0,24%"
"06/10/2017","12.392,80","12.456,03","12.463,59","12.374,66","","-0,51%"
"05/10/2017","12.456,03","12.503,66","12.521,29","12.422,83","","-0,38%"
"04/10/2017","12.503,66","12.262,82","12.522,57","12.256,20","","1,96%"
"03/10/2017","12.262,82","12.186,87","12.262,82","12.186,71","","0,62%"
"02/10/2017","12.186,87","12.140,47","12.282,52","12.107,16","","0,38%"
"29/09/2017","12.140,47","12.169,82","12.233,77","12.114,56","","-0,24%"
"28/09/2017","12.169,82","12.259,60","12.278,76","12.147,32","","-0,73%"
"27/09/2017","12.259,60","12.416,64","12.417,20","12.245,99","","-1,26%"
"26/09/2017","12.416,64","12.438,37","12.442,89","12.389,58","","-0,17%"
"25/09/2017","12.438,37","12.388,08","12.438,37","12.320,22","","-0,03%"
"21/09/2017","12.442,31","12.435,56","12.496,88","12.423,75","","0,05%"
"20/09/2017","12.435,56","12.568,93","12.578,01","12.429,18","","-1,06%"
"19/09/2017","12.568,93","12.660,45","12.674,06","12.539,79","","-0,75%"
"18/09/2017","12.663,90","12.713,09","12.739,58","12.647,17","","-0,41%"
"15/09/2017","12.716,01","12.737,83","12.742,04","12.707,86","","-0,17%"
"14/09/2017","12.737,83","12.771,32","12.794,57","12.706,92","","-0,27%"
"13/09/2017","12.771,74","12.676,95","12.775,13","12.671,65","","0,75%"
"12/09/2017","12.677,27","12.675,15","12.730,16","12.674,68","","-0,18%"
"11/09/2017","12.699,51","12.602,20","12.706,93","12.592,98","","0,77%"
"08/09/2017","12.602,20","12.504,93","12.602,20","12.470,99","","0,78%"
"07/09/2017","12.504,93","12.427,80","12.529,08","12.379,67","","0,62%"
"06/09/2017","12.427,80","12.440,17","12.459,26","12.426,33","","-0,10%"
"05/09/2017","12.440,34","12.379,39","12.440,34","12.370,15","","0,49%"
"04/09/2017","12.379,39","12.397,12","12.447,68","12.329,08","","-0,14%"
"31/08/2017","12.397,12","12.375,05","12.455,51","12.366,59","","0,18%"
"30/08/2017","12.375,05","12.292,93","12.375,70","12.281,28","","0,67%"
"29/08/2017","12.292,93","12.251,70","12.292,93","12.220,62","","0,34%"
"28/08/2017","12.251,70","12.202,67","12.251,70","12.184,90","","0,40%"
"25/08/2017","12.202,67","12.174,39","12.207,65","12.136,71","","0,23%"
"24/08/2017","12.174,39","12.192,23","12.204,25","12.155,35","","-0,15%"
"23/08/2017","12.192,23","12.188,77","12.245,93","12.147,97","","0,03%"
"22/08/2017","12.188,89","12.246,62","12.295,02","12.188,89","","-0,47%"
"18/08/2017","12.246,67","12.218,76","12.251,46","12.168,66","","0,23%"
"17/08/2017","12.218,76","12.231,50","12.231,50","12.182,96","","-0,10%"
"16/08/2017","12.231,50","12.230,10","12.270,42","12.214,96","","0,01%"
"15/08/2017","12.230,10","12.326,17","12.354,04","12.229,90","","-0,78%"
"11/08/2017","12.326,17","12.249,74","12.326,17","12.243,34","","0,62%"
"10/08/2017","12.249,74","12.232,13","12.309,20","12.229,53","","0,14%"
"09/08/2017","12.232,13","12.249,65","12.284,61","12.221,79","","-0,14%"
"08/08/2017","12.249,65","12.188,08","12.256,50","12.181,82","","0,51%"
"07/08/2017","12.188,08","12.174,11","12.190,98","12.158,33","","0,11%"
"04/08/2017","12.174,11","12.125,70","12.174,27","12.118,86","","0,40%"
"03/08/2017","12.125,70","12.165,56","12.170,45","12.099,28","","-0,33%"
"02/08/2017","12.165,56","12.209,51","12.228,59","12.150,62","","-0,36%"
"01/08/2017","12.209,51","12.201,33","12.209,51","12.098,66","","0,07%"
"31/07/2017","12.201,33","12.323,97","12.329,47","12.196,68","","-1,00%"
"28/07/2017","12.323,97","12.281,66","12.324,90","12.239,05","","0,34%"
"27/07/2017","12.281,66","12.315,90","12.327,57","12.276,67","","-0,28%"
"26/07/2017","12.315,90","12.249,67","12.317,38","12.247,80","","0,54%"
"25/07/2017","12.249,67","12.199,39","12.274,91","12.192,52","","0,41%"
"24/07/2017","12.199,39","12.120,55","12.199,39","12.111,48","","0,65%"
"21/07/2017","12.120,77","12.196,39","12.222,90","12.118,59","","-0,62%"
"20/07/2017","12.196,39","12.221,95","12.249,67","12.190,80","","-0,21%"
"19/07/2017","12.221,95","12.282,70","12.286,44","12.201,75","","-0,49%"
"18/07/2017","12.282,70","12.286,86","12.313,75","12.227,43","","-0,05%"
"17/07/2017","12.288,89","12.307,65","12.346,31","12.288,85","","-0,15%"
"14/07/2017","12.307,65","12.371,29","12.409,93","12.307,65","","-0,52%"
"13/07/2017","12.371,45","12.390,85","12.414,42","12.358,92","","-0,18%"
"12/07/2017","12.394,04","12.394,04","12.413,68","12.369,77","","-0,01%"
"11/07/2017","12.394,68","12.317,10","12.398,56","12.317,10","","0,56%"
"10/07/2017","12.326,01","12.354,35","12.354,35","12.305,01","","-0,23%"
"07/07/2017","12.354,35","12.125,68","12.354,35","12.125,15","","1,89%"
"06/07/2017","12.125,68","12.075,83","12.143,19","12.075,83","","0,16%"
"05/07/2017","12.106,91","12.053,84","12.112,47","12.049,51","","0,44%"
"04/07/2017","12.053,84","12.056,33","12.090,86","12.045,77","","-0,02%"
"03/07/2017","12.056,33","12.015,84","12.056,33","11.988,42","","0,34%"
"30/06/2017","12.015,84","12.036,27","12.048,19","11.996,23","","-0,30%"
"29/06/2017","12.051,96","12.035,94","12.098,94","12.017,08","","0,08%"
"28/06/2017","12.041,85","11.950,25","12.046,39","11.944,54","","0,71%"
"23/06/2017","11.956,76","11.922,70","12.009,06","11.902,36","","0,29%"
"22/06/2017","11.922,70","11.848,72","11.947,02","11.848,72","","0,62%"
"21/06/2017","11.848,72","11.828,98","11.853,34","11.803,15","","0,03%"
"20/06/2017","11.845,39","11.791,12","11.868,16","11.790,92","","0,00%"
"19/06/2017","11.845,70","11.750,82","11.845,78","11.749,43","","0,81%"
"16/06/2017","11.750,82","11.633,84","11.770,57","11.633,84","","0,95%"
"15/06/2017","11.639,72","11.752,16","11.788,20","11.620,26","","-0,98%"
"14/06/2017","11.754,98","11.720,02","11.764,50","11.713,83","","0,30%"
"13/06/2017","11.720,02","11.675,57","11.720,83","11.640,84","","0,30%"
"12/06/2017","11.684,96","11.676,37","11.703,90","11.653,77","","-0,07%"
"09/06/2017","11.693,71","11.756,74","11.783,38","11.691,08","","-0,54%"
"08/06/2017","11.756,74","11.720,37","11.797,06","11.708,03","","0,31%"
"07/06/2017","11.720,37","11.600,93","11.757,71","11.600,93","","1,00%"
"06/06/2017","11.604,70","11.621,52","11.663,87","11.574,47","","-0,18%"
"05/06/2017","11.625,08","11.615,28","11.635,67","11.601,42","","0,08%"
"02/06/2017","11.615,28","11.561,36","11.615,28","11.554,01","","0,47%"
"01/06/2017","11.560,40","11.562,56","11.607,26","11.540,81","","-0,15%"
"31/05/2017","11.577,96","11.536,13","11.581,94","11.495,46","","0,36%"
"30/05/2017","11.536,13","11.534,46","11.536,13","11.496,95","","0,01%"
"29/05/2017","11.534,46","11.585,51","11.594,22","11.518,94","","-0,50%"
"26/05/2017","11.592,31","11.561,61","11.595,48","11.515,37","","0,22%"
"25/05/2017","11.566,48","11.589,66","11.605,53","11.522,68","","-0,20%"
"24/05/2017","11.589,66","11.538,57","11.594,14","11.493,70","","-0,40%"
"23/05/2017","11.636,15","11.636,67","11.680,00","11.612,85","","-0,08%"
"22/05/2017","11.645,85","11.683,62","11.692,09","11.634,93","","-0,32%"
"19/05/2017","11.683,62","11.720,24","11.722,29","11.614,69","","-0,31%"
"18/05/2017","11.720,24","11.640,99","11.707,41","11.617,69","","0,68%"
"17/05/2017","11.640,99","11.636,50","11.640,99","11.589,98","","0,04%"
"16/05/2017","11.636,50","11.757,00","11.757,00","11.611,23","","-1,02%"
"15/05/2017","11.757,00","11.747,86","11.757,00","11.714,01","","0,08%"
"12/05/2017","11.747,86","11.696,91","11.771,22","11.686,14","","0,09%"
"11/05/2017","11.737,45","11.727,44","11.785,90","11.720,76","","0,09%"
"10/05/2017","11.727,30","11.719,17","11.739,92","11.717,52","","0,07%"
"09/05/2017","11.719,17","11.751,47","11.758,54","11.719,17","","-0,38%"
"08/05/2017","11.764,37","11.743,86","11.785,66","11.707,29","","0,17%"
"05/05/2017","11.743,86","11.789,50","11.817,83","11.737,81","","-0,39%"
"04/05/2017","11.789,50","11.798,38","11.832,14","11.733,82","","-0,08%"
"03/05/2017","11.798,38","11.825,66","11.879,09","11.730,08","","-0,23%"
"02/05/2017","11.825,66","11.637,93","11.826,83","11.621,72","","1,61%"
"28/04/2017","11.637,93","11.483,84","11.644,51","11.480,53","","1,34%"
"27/04/2017","11.483,84","11.384,16","11.499,27","11.365,25","","0,88%"
"26/04/2017","11.384,16","11.370,61","11.391,54","11.361,49","","0,12%"
"25/04/2017","11.370,61","11.379,36","11.390,04","11.354,43","","-0,08%"
"24/04/2017","11.379,36","11.330,12","11.384,47","11.325,67","","0,43%"
"21/04/2017","11.330,12","11.321,10","11.342,76","11.296,59","","0,08%"
"20/04/2017","11.321,10","11.322,22","11.355,58","11.273,15","","-0,01%"
"19/04/2017","11.322,22","11.294,82","11.322,22","11.263,45","","0,24%"
"18/04/2017","11.295,21","11.259,43","11.298,93","11.219,02","","0,32%"
"17/04/2017","11.259,43","11.222,64","11.287,52","11.210,12","","0,33%"
"14/04/2017","11.222,64","11.291,02","11.352,34","11.222,64","","-0,61%"
"13/04/2017","11.291,02","11.331,48","11.341,45","11.285,22","","-0,36%"
"12/04/2017","11.331,48","11.296,02","11.403,93","11.296,02","","0,24%"
"11/04/2017","11.303,90","11.307,41","11.344,83","11.283,27","","-0,03%"
"10/04/2017","11.307,41","11.319,54","11.356,41","11.231,33","","-0,11%"
"07/04/2017","11.319,54","11.293,13","11.320,83","11.250,61","","0,23%"
"06/04/2017","11.293,22","11.330,61","11.396,61","11.293,22","","-0,33%"
"05/04/2017","11.330,61","11.321,57","11.465,73","11.319,95","","0,08%"
"04/04/2017","11.321,57","11.316,45","11.331,14","11.297,42","","0,05%"
"03/04/2017","11.316,45","11.379,71","11.409,19","11.279,86","","-0,56%"
"31/03/2017","11.379,71","11.438,25","11.468,66","11.338,27","","-0,51%"
"30/03/2017","11.438,25","11.632,67","11.645,72","11.438,25","","-1,67%"
"29/03/2017","11.632,67","11.560,49","11.632,67","11.547,99","","0,62%"
"28/03/2017","11.560,49","11.517,39","11.587,35","11.517,39","","0,37%"
"27/03/2017","11.517,39","11.502,71","11.559,29","11.502,28","","0,13%"
"24/03/2017","11.502,71","11.690,69","11.695,58","11.445,93","","-1,61%"
"23/03/2017","11.690,69","11.889,96","11.898,75","11.688,95","","-1,68%"
"22/03/2017","11.889,96","11.906,91","11.975,08","11.872,48","","-0,14%"
"21/03/2017","11.906,91","11.941,97","11.978,12","11.893,28","","-0,29%"
"20/03/2017","11.941,97","11.929,65","12.030,60","11.929,13","","0,10%"
"17/03/2017","11.929,65","11.945,53","11.982,22","11.907,15","","-0,13%"
"16/03/2017","11.945,53","11.995,38","12.021,23","11.865,96","","-0,42%"
"15/03/2017","11.995,38","11.996,23","12.024,72","11.943,51","","-0,01%"
"14/03/2017","11.996,23","11.937,78","12.044,54","11.918,35","","0,49%"
"13/03/2017","11.937,78","11.935,03","11.957,76","11.893,72","","0,02%"
"10/03/2017","11.935,03","11.928,30","11.969,10","11.916,32","","0,06%"
"09/03/2017","11.928,30","11.914,24","11.953,48","11.904,36","","0,12%"
"08/03/2017","11.914,24","11.946,11","11.966,84","11.888,98","","-0,27%"
"07/03/2017","11.946,11","11.978,10","11.991,35","11.855,25","","-0,27%"
"06/03/2017","11.978,10","11.947,43","12.016,92","11.922,45","","0,26%"
"03/03/2017","11.947,43","11.967,24","11.968,03","11.917,45","","-0,17%"
"02/03/2017","11.967,24","11.876,71","11.967,31","11.873,26","","0,76%"
"01/03/2017","11.876,71","11.926,49","11.992,49","11.870,80","","-0,42%"
"28/02/2017","11.926,49","11.822,20","11.933,45","11.822,20","","0,88%"
"27/02/2017","11.822,20","11.777,37","11.901,51","11.777,37","","0,38%"
"24/02/2017","11.777,37","11.726,24","11.792,04","11.692,21","","0,44%"
"23/02/2017","11.726,24","11.954,08","11.979,73","11.714,76","","-1,91%"
"22/02/2017","11.954,08","12.206,63","12.207,49","11.927,79","","-2,07%"
"21/02/2017","12.206,63","12.192,69","12.207,12","12.158,17","","0,11%"
"20/02/2017","12.192,69","12.165,07","12.246,85","12.159,96","","0,23%"
"17/02/2017","12.165,07","12.281,34","12.288,58","12.165,07","","-0,95%"
"16/02/2017","12.281,34","12.279,53","12.302,40","12.245,42","","0,01%"
"15/02/2017","12.279,53","12.277,57","12.296,40","12.229,74","","0,02%"
"14/02/2017","12.277,57","12.367,76","12.370,33","12.225,87","","-0,73%"
"13/02/2017","12.367,76","12.233,88","12.367,76","12.220,41","","1,09%"
"10/02/2017","12.233,88","12.287,11","12.287,98","12.211,23","","-0,43%"
"09/02/2017","12.287,11","12.297,32","12.329,28","12.262,41","","-0,08%"
"08/02/2017","12.297,32","12.216,17","12.302,29","12.216,17","","0,66%"
"07/02/2017","12.216,17","12.247,66","12.248,04","12.165,74","","-0,26%"
"06/02/2017","12.247,66","12.228,99","12.247,66","12.114,96","","0,15%"
"03/02/2017","12.228,99","12.138,86","12.311,05","12.137,77","","0,74%"
"02/02/2017","12.138,86","12.163,64","12.253,05","12.138,86","","-0,20%"
"01/02/2017","12.163,64","12.228,90","12.250,01","12.159,71","","-0,53%"
"31/01/2017","12.228,90","12.385,21","12.389,53","12.206,99","","-1,26%"
"30/01/2017","12.385,21","12.507,99","12.534,82","12.379,80","","-0,98%"
"27/01/2017","12.507,99","12.430,74","12.509,80","12.389,32","","0,62%"
"26/01/2017","12.430,74","12.521,41","12.535,78","12.407,25","","-0,72%"
"25/01/2017","12.521,41","12.484,23","12.544,63","12.440,96","","0,30%"
"24/01/2017","12.484,23","12.500,05","12.501,43","12.408,11","","-0,13%"
"23/01/2017","12.500,05","12.592,53","12.592,53","12.459,11","","-0,73%"
"20/01/2017","12.592,53","12.425,10","12.592,61","12.397,37","","1,35%"
"19/01/2017","12.425,10","12.379,06","12.483,41","12.379,06","","0,37%"
"18/01/2017","12.379,06","12.343,08","12.385,29","12.239,18","","0,29%"
"17/01/2017","12.343,08","12.576,95","12.603,56","12.333,66","","-1,86%"
"16/01/2017","12.576,95","12.722,60","12.722,60","12.576,95","","-1,14%"
"13/01/2017","12.722,60","12.873,79","12.938,29","12.577,44","","-1,17%"
"12/01/2017","12.873,79","12.886,32","12.950,84","12.841,70","","-0,10%"
"10/01/2017","12.886,32","12.710,44","12.915,72","12.710,44","","1,38%"
"09/01/2017","12.710,44","12.532,22","12.744,56","12.526,27","","1,09%"
"06/01/2017","12.572,94","12.186,12","12.904,99","12.186,12","","3,17%"
"05/01/2017","12.186,12","11.826,73","12.186,12","11.815,60","","3,04%"
"04/01/2017","11.826,73","11.644,21","11.871,78","11.616,68","","1,57%"
"03/01/2017","11.644,21","11.564,72","11.644,21","11.518,44","","0,69%"
"02/01/2017","11.564,72","11.644,22","11.647,52","11.541,12","","-0,68%"
"30/12/2016","11.644,22","11.560,49","11.648,12","11.498,48","","0,72%"
"29/12/2016","11.560,49","11.632,22","11.675,36","11.559,82","","-0,62%"
"28/12/2016","11.632,22","11.649,80","11.668,67","11.601,93","","-0,15%"
"27/12/2016","11.649,80","11.772,69","11.774,70","11.649,54","","-1,04%"
"26/12/2016","11.772,69","11.927,19","11.930,94","11.745,29","","-1,30%"
"23/12/2016","11.927,19","11.540,54","11.929,28","11.484,90","","3,35%"
"22/12/2016","11.540,54","11.310,71","11.540,54","11.288,67","","2,03%"
"21/12/2016","11.310,71","11.441,16","11.449,07","11.167,30","","-1,14%"
"20/12/2016","11.441,16","11.574,61","11.590,01","11.402,27","","-1,15%"
"19/12/2016","11.574,61","11.304,83","11.604,07","11.294,08","","2,39%"
"16/12/2016","11.304,83","11.060,42","11.304,83","11.060,42","","2,21%"
"15/12/2016","11.060,42","10.982,74","11.087,79","10.974,37","","0,71%"
"14/12/2016","10.982,74","10.957,24","10.999,02","10.932,18","","0,23%"
"09/12/2016","10.957,24","10.753,18","10.957,24","10.753,18","","1,90%"
"08/12/2016","10.753,18","10.721,20","10.753,18","10.712,63","","0,30%"
"07/12/2016","10.721,20","10.667,53","10.738,20","10.664,86","","0,50%"
"06/12/2016","10.667,53","10.644,46","10.680,36","10.621,53","","0,22%"
"05/12/2016","10.644,46","10.621,99","10.663,98","10.613,17","","0,21%"
"02/12/2016","10.621,99","10.617,85","10.655,02","10.602,67","","0,04%"
"01/12/2016","10.617,85","10.568,19","10.656,40","10.564,49","","-0,51%"
"30/11/2016","10.672,53","10.691,80","10.692,18","10.646,75","","-0,18%"
"29/11/2016","10.691,80","10.726,11","10.742,98","10.679,83","","-0,32%"
"28/11/2016","10.726,11","10.642,47","10.726,11","10.636,67","","0,79%"
"25/11/2016","10.642,47","10.624,81","10.642,47","10.580,34","","0,17%"
"24/11/2016","10.624,81","10.616,09","10.625,80","10.590,83","","0,08%"
"23/11/2016","10.616,09","10.630,09","10.651,62","10.563,62","","-0,13%"
"22/11/2016","10.630,09","10.638,78","10.669,16","10.618,89","","-0,08%"
"21/11/2016","10.638,78","10.697,55","10.713,35","10.638,78","","-0,55%"
"17/11/2016","10.697,55","10.646,95","10.697,55","10.632,74","","0,48%"
"16/11/2016","10.646,95","10.602,80","10.672,16","10.592,36","","0,42%"
"15/11/2016","10.602,80","10.577,99","10.610,71","10.565,22","","0,23%"
"14/11/2016","10.577,99","10.551,43","10.586,46","10.550,31","","0,25%"
"11/11/2016","10.551,43","10.564,62","10.607,58","10.532,83","","-0,12%"
"10/11/2016","10.564,62","10.580,26","10.601,68","10.564,26","","-0,15%"
"09/11/2016","10.580,26","10.553,56","10.600,98","10.553,56","","0,25%"
"08/11/2016","10.553,56","10.521,97","10.567,19","10.521,97","","0,30%"
"07/11/2016","10.521,97","10.522,42","10.570,23","10.505,03","","0,00%"
"04/11/2016","10.522,42","10.580,37","10.584,19","10.509,30","","-0,55%"
"03/11/2016","10.580,37","10.607,06","10.612,56","10.480,12","","-0,25%"
"02/11/2016","10.607,06","10.554,61","10.607,48","10.525,14","","0,50%"
"01/11/2016","10.554,61","10.564,64","10.593,78","10.539,91","","-0,09%"
"31/10/2016","10.564,64","10.482,30","10.587,48","10.482,21","","0,79%"
"28/10/2016","10.482,30","10.359,84","10.460,64","10.359,25","","1,18%"
"27/10/2016","10.359,84","10.332,77","10.359,84","10.329,37","","0,26%"
"26/10/2016","10.332,77","10.346,77","10.359,73","10.320,93","","-0,14%"
"25/10/2016","10.346,77","10.346,93","10.356,03","10.317,73","","0,00%"
"24/10/2016","10.346,93","10.378,76","10.390,24","10.346,93","","-0,31%"
"21/10/2016","10.378,76","10.354,31","10.378,76","10.318,04","","0,24%"
"20/10/2016","10.354,31","10.335,96","10.354,60","10.300,34","","0,18%"
"19/10/2016","10.335,96","10.353,19","10.353,19","10.284,42","","-0,17%"
"18/10/2016","10.353,19","10.305,06","10.353,78","10.296,80","","0,47%"
"17/10/2016","10.305,06","10.282,14","10.305,10","10.252,35","","0,22%"
"14/10/2016","10.282,14","10.275,04","10.282,16","10.254,42","","0,07%"
"13/10/2016","10.275,04","10.315,56","10.327,05","10.254,03","","-0,39%"
"12/10/2016","10.315,56","10.323,47","10.342,45","10.295,77","","-0,08%"
"11/10/2016","10.323,47","10.262,03","10.367,39","10.262,03","","0,60%"
"10/10/2016","10.262,03","10.209,05","10.262,45","10.198,06","","0,52%"
"07/10/2016","10.209,05","10.123,10","10.209,76","10.109,25","","0,85%"
"06/10/2016","10.123,10","10.109,78","10.131,23","10.085,69","","0,13%"
"05/10/2016","10.109,78","10.035,14","10.109,89","10.025,23","","0,74%"
"04/10/2016","10.035,14","10.039,14","10.047,09","10.020,09","","-0,04%"
"30/09/2016","10.039,14","10.025,65","10.060,87","10.020,92","","0,13%"
"29/09/2016","10.025,65","10.007,40","10.026,55","10.001,29","","0,18%"
"28/09/2016","10.007,40","10.019,85","10.031,61","10.005,34","","-0,12%"
"27/09/2016","10.019,85","10.015,33","10.020,41","9.979,06","","0,05%"
"26/09/2016","10.015,33","10.000,05","10.023,57","9.983,11","","0,15%"
"23/09/2016","10.000,05","9.985,84","10.002,00","9.943,06","","0,14%"
"22/09/2016","9.985,84","9.964,15","9.985,84","9.937,26","","0,22%"
"21/09/2016","9.964,15","9.972,65","9.989,94","9.938,38","","-0,13%"
"20/09/2016","9.977,56","9.963,11","9.980,23","9.926,79","","0,12%"
"19/09/2016","9.965,91","9.969,37","9.989,25","9.933,53","","-0,26%"
"16/09/2016","9.992,27","9.993,64","9.995,97","9.960,30","","-0,01%"
"15/09/2016","9.993,64","9.978,31","9.993,64","9.932,50","","0,15%"
"14/09/2016","9.978,31","9.996,97","10.004,15","9.959,29","","-0,17%"
"09/09/2016","9.995,19","9.993,03","9.996,97","9.959,89","","0,02%"
"08/09/2016","9.993,03","9.966,56","9.993,09","9.954,90","","0,27%"
"07/09/2016","9.966,56","9.937,01","9.968,97","9.925,61","","0,30%"
"06/09/2016","9.937,01","9.909,39","9.940,62","9.888,01","","0,28%"
"05/09/2016","9.909,60","9.933,27","9.945,23","9.906,72","","-0,24%"
"02/09/2016","9.933,46","9.881,24","9.933,51","9.858,01","","0,53%"
"01/09/2016","9.881,24","9.860,65","9.884,41","9.857,12","","0,21%"
"31/08/2016","9.860,77","9.901,63","9.931,94","9.860,77","","-0,41%"
"30/08/2016","9.901,63","9.926,71","9.933,19","9.892,77","","-0,25%"
"29/08/2016","9.926,71","9.954,88","9.954,88","9.912,13","","-0,28%"
"26/08/2016","9.954,88","9.923,81","9.954,88","9.903,82","","0,31%"
"25/08/2016","9.923,81","9.918,13","9.930,43","9.902,78","","0,06%"
"24/08/2016","9.918,13","9.879,38","9.918,13","9.878,45","","0,39%"
"23/08/2016","9.879,38","9.889,14","9.904,65","9.873,16","","-0,11%"
"22/08/2016","9.890,30","9.951,61","9.951,61","9.888,88","","-0,62%"
"19/08/2016","9.951,61","9.948,94","9.952,40","9.911,99","","0,03%"
"18/08/2016","9.948,94","9.955,50","9.956,75","9.935,52","","-0,07%"
"17/08/2016","9.955,50","9.944,60","9.955,50","9.934,34","","0,11%"
"16/08/2016","9.944,60","9.969,36","9.970,07","9.927,53","","-0,25%"
"15/08/2016","9.969,36","9.948,26","9.987,97","9.922,42","","0,21%"
"12/08/2016","9.948,26","9.977,48","9.993,43","9.931,75","","-0,29%"
"11/08/2016","9.977,48","9.908,57","9.979,30","9.895,14","","0,70%"
"10/08/2016","9.908,57","9.916,08","9.932,42","9.892,84","","-0,08%"
"09/08/2016","9.916,08","9.996,85","9.996,85","9.900,72","","-0,81%"
"08/08/2016","9.996,85","9.940,05","9.996,85","9.885,35","","0,79%"
"05/08/2016","9.918,23","9.890,46","9.932,44","9.881,85","","0,28%"
"04/08/2016","9.890,46","9.921,48","9.921,48","9.882,97","","-0,31%"
"03/08/2016","9.921,48","9.913,75","9.922,66","9.887,67","","0,03%"
"02/08/2016","9.918,55","9.859,95","9.924,67","9.852,28","","0,59%"
"01/08/2016","9.859,95","9.882,20","9.934,64","9.857,89","","-0,23%"
"29/07/2016","9.882,20","9.902,98","9.919,51","9.871,67","","-0,27%"
"28/07/2016","9.908,85","9.924,92","9.934,46","9.882,01","","-0,15%"
"27/07/2016","9.923,58","9.925,28","9.944,99","9.868,04","","-0,05%"
"26/07/2016","9.928,35","9.809,71","9.928,35","9.799,99","","1,08%"
"25/07/2016","9.822,12","9.801,25","9.824,51","9.788,00","","0,08%"
"22/07/2016","9.814,73","9.771,47","9.816,43","9.764,23","","0,41%"
"21/07/2016","9.774,29","9.752,34","9.776,10","9.729,93","","0,13%"
"20/07/2016","9.761,28","9.795,15","9.810,84","9.761,28","","-0,70%"
"19/07/2016","9.830,06","9.777,66","9.830,06","9.758,30","","0,47%"
"18/07/2016","9.784,18","9.792,60","9.807,45","9.742,56","","-0,11%"
"15/07/2016","9.794,68","9.783,28","9.810,58","9.730,31","","0,02%"
"14/07/2016","9.793,21","9.664,58","9.834,90","9.664,58","","1,19%"
"13/07/2016","9.677,89","9.601,04","9.705,07","9.601,04","","0,72%"
"12/07/2016","9.609,12","9.580,70","9.620,64","9.551,28","","0,26%"
"11/07/2016","9.584,16","9.627,37","9.627,37","9.569,02","","-0,38%"
"05/07/2016","9.620,44","9.573,97","9.620,44","9.548,61","","0,49%"
"04/07/2016","9.573,62","9.501,46","9.573,62","9.501,46","","0,64%"
"01/07/2016","9.512,71","9.505,98","9.512,71","9.457,48","","0,07%"
"30/06/2016","9.505,98","9.502,39","9.506,34","9.427,34","","0,04%"
"29/06/2016","9.501,78","9.543,96","9.543,96","9.452,34","","-0,45%"
"28/06/2016","9.545,11","9.472,39","9.545,95","9.464,25","","0,57%"
"27/06/2016","9.491,13","9.505,45","9.516,53","9.467,83","","-1,17%"
"24/06/2016","9.603,16","9.552,55","9.603,16","9.501,82","","0,35%"
"23/06/2016","9.570,06","9.534,92","9.572,36","9.489,25","","0,31%"
"22/06/2016","9.540,38","9.632,79","9.632,79","9.540,31","","-0,96%"
"21/06/2016","9.632,82","9.607,01","9.632,82","9.577,42","","0,33%"
"20/06/2016","9.601,36","9.640,20","9.640,27","9.591,54","","-0,50%"
"17/06/2016","9.649,60","9.653,17","9.667,98","9.619,08","","0,12%"
"16/06/2016","9.637,60","9.669,51","9.696,22","9.637,54","","-0,44%"
"15/06/2016","9.679,73","9.657,20","9.684,29","9.628,65","","0,06%"
"14/06/2016","9.674,38","9.686,33","9.701,39","9.664,03","","-0,07%"
"13/06/2016","9.680,85","9.718,45","9.723,75","9.680,85","","-0,74%"
"10/06/2016","9.753,40","9.732,59","9.759,88","9.723,56","","0,08%"
"09/06/2016","9.745,14","9.756,51","9.771,14","9.745,14","","-0,12%"
"08/06/2016","9.756,48","9.799,73","9.805,55","9.755,25","","-0,44%"
"07/06/2016","9.799,82","9.800,95","9.830,41","9.787,81","","0,00%"
"06/06/2016","9.800,27","9.821,29","9.843,42","9.785,42","","-0,33%"
"03/06/2016","9.832,64","9.815,08","9.832,93","9.788,50","","0,12%"
"02/06/2016","9.821,23","9.780,43","9.839,79","9.747,58","","0,39%"
"01/06/2016","9.783,23","9.756,28","9.783,25","9.717,55","","0,26%"
"31/05/2016","9.757,92","9.759,44","9.787,99","9.727,02","","-0,01%"
"30/05/2016","9.758,95","9.774,00","9.774,00","9.725,59","","0,08%"
"27/05/2016","9.751,02","9.745,55","9.790,93","9.743,63","","0,05%"
"26/05/2016","9.745,69","9.726,59","9.745,69","9.702,79","","0,19%"
"25/05/2016","9.727,01","9.774,33","9.774,33","9.710,28","","-0,51%"
"24/05/2016","9.776,94","9.897,41","9.897,41","9.768,13","","-1,21%"
"23/05/2016","9.897,15","9.921,04","9.948,19","9.868,07","","-0,43%"
"20/05/2016","9.940,25","9.973,40","10.001,04","9.912,53","","-0,33%"
"19/05/2016","9.973,41","9.962,87","9.974,55","9.928,05","","0,36%"
"18/05/2016","9.937,80","9.854,64","9.937,80","9.837,16","","0,48%"
"17/05/2016","9.889,84","10.035,34","10.047,04","9.889,84","","-1,56%"
"16/05/2016","10.046,93","10.042,93","10.060,58","10.017,81","","-0,53%"
"13/05/2016","10.100,57","10.200,12","10.213,14","10.086,53","","-1,06%"
"12/05/2016","10.208,65","10.217,18","10.223,34","10.159,58","","-0,14%"
"11/05/2016","10.222,53","10.233,99","10.233,99","10.167,27","","-0,05%"
"10/05/2016","10.227,19","10.200,10","10.234,53","10.148,06","","0,15%"
"09/05/2016","10.211,75","10.162,94","10.222,51","10.119,89","","0,54%"
"06/05/2016","10.157,29","10.160,81","10.180,44","10.139,01","","0,08%"
"05/05/2016","10.149,49","10.018,83","10.187,76","10.018,83","","1,36%"
"04/05/2016","10.013,50","9.948,03","10.013,50","9.933,90","","0,87%"
"03/05/2016","9.927,24","9.895,77","9.928,17","9.863,81","","0,19%"
"02/05/2016","9.908,40","9.867,10","9.973,39","9.842,44","","-0,67%"
"29/04/2016","9.975,72","9.727,74","9.975,72","9.727,74","","2,45%"
"28/04/2016","9.737,43","9.629,82","9.737,43","9.616,79","","0,94%"
"27/04/2016","9.646,67","9.573,95","9.646,67","9.558,17","","0,61%"
"26/04/2016","9.587,96","9.531,80","9.587,96","9.517,77","","0,65%"
"25/04/2016","9.526,44","9.497,18","9.526,44","9.481,75","","0,07%"
"22/04/2016","9.519,32","9.488,91","9.540,81","9.488,34","","0,20%"
"21/04/2016","9.500,59","9.521,64","9.529,06","9.491,04","","-0,18%"
"20/04/2016","9.517,98","9.528,69","9.536,93","9.494,26","","-0,16%"
"19/04/2016","9.532,83","9.543,45","9.562,49","9.532,83","","-0,13%"
"18/04/2016","9.545,65","9.540,43","9.552,36","9.512,72","","0,05%"
"15/04/2016","9.541,05","9.496,85","9.541,05","9.490,31","","0,52%"
"14/04/2016","9.492,16","9.464,27","9.496,22","9.438,85","","0,18%"
"13/04/2016","9.475,20","9.431,29","9.486,38","9.421,46","","0,48%"
"12/04/2016","9.430,03","9.386,93","9.445,21","9.386,37","","0,24%"
"11/04/2016","9.407,67","9.378,76","9.409,87","9.341,40","","0,26%"
"08/04/2016","9.383,72","9.520,09","9.550,98","9.383,72","","-1,58%"
"07/04/2016","9.534,58","9.563,49","9.574,16","9.507,26","","-0,37%"
"06/04/2016","9.569,70","9.501,65","9.569,70","9.501,65","","1,15%"
"05/04/2016","9.460,63","9.444,26","9.511,77","9.403,98","","0,24%"
"04/04/2016","9.438,42","9.337,60","9.438,42","9.333,04","","1,41%"
"01/04/2016","9.307,16","9.382,21","9.382,21","9.268,74","","-0,22%"
"31/03/2016","9.327,98","9.371,65","9.386,08","9.301,81","","-0,45%"
"30/03/2016","9.369,74","9.448,40","9.449,02","9.348,36","","-0,75%"
"29/03/2016","9.440,64","9.496,60","9.500,96","9.394,90","","-0,75%"
"28/03/2016","9.511,95","9.547,23","9.547,63","9.474,12","","-0,29%"
"25/03/2016","9.540,03","9.601,39","9.624,74","9.535,04","","-0,49%"
"24/03/2016","9.586,60","9.599,03","9.614,98","9.560,09","","-0,18%"
"23/03/2016","9.604,23","9.548,17","9.604,23","9.521,64","","0,58%"
"22/03/2016","9.548,57","9.426,17","9.590,52","9.402,81","","1,47%"
"21/03/2016","9.409,94","9.319,93","9.409,94","9.313,48","","1,21%"
"18/03/2016","9.297,13","9.219,36","9.314,23","9.218,79","","0,78%"
"17/03/2016","9.224,97","9.242,60","9.243,48","9.202,43","","-0,23%"
"16/03/2016","9.246,30","9.233,63","9.261,93","9.194,80","","0,11%"
"15/03/2016","9.235,72","9.200,94","9.235,72","9.184,78","","0,25%"
"14/03/2016","9.212,84","9.193,28","9.212,84","9.187,40","","0,23%"
"11/03/2016","9.192,11","9.178,37","9.199,17","9.156,88","","-0,04%"
"10/03/2016","9.195,76","9.146,87","9.195,76","9.120,58","","0,59%"
"09/03/2016","9.141,44","9.144,14","9.149,23","9.115,77","","0,00%"
"08/03/2016","9.141,41","9.124,55","9.141,41","9.093,55","","0,12%"
"07/03/2016","9.130,08","9.106,90","9.130,96","9.086,02","","0,34%"
"04/03/2016","9.099,16","9.101,50","9.129,87","9.012,78","","-0,10%"
"03/03/2016","9.108,32","9.093,92","9.108,32","9.069,77","","0,27%"
"02/03/2016","9.083,67","8.928,66","9.083,67","8.928,66","","1,74%"
"01/03/2016","8.928,11","8.908,54","8.937,17","8.892,85","","0,22%"
"29/02/2016","8.908,44","9.038,17","9.038,65","8.897,20","","-1,06%"
"26/02/2016","9.004,26","9.063,94","9.076,53","8.997,95","","-0,80%"
"25/02/2016","9.077,19","9.130,14","9.130,14","9.053,01","","-0,76%"
"24/02/2016","9.146,69","9.163,27","9.202,37","9.137,65","","-0,26%"
"23/02/2016","9.170,95","9.194,19","9.222,09","9.170,95","","-0,27%"
"22/02/2016","9.195,87","9.202,93","9.206,57","9.140,05","","-0,26%"
"19/02/2016","9.219,48","9.157,54","9.219,48","9.157,54","","0,72%"
"18/02/2016","9.153,75","9.116,78","9.153,75","9.109,24","","0,37%"
"17/02/2016","9.119,88","9.147,59","9.158,81","9.119,88","","-0,46%"
"16/02/2016","9.162,19","9.073,82","9.162,19","9.050,96","","0,96%"
"15/02/2016","9.074,79","9.058,43","9.106,85","9.058,43","","0,19%"
"12/02/2016","9.057,70","9.073,83","9.112,38","9.057,70","","-0,16%"
"11/02/2016","9.072,34","9.032,71","9.072,83","9.030,02","","0,63%"
"10/02/2016","9.015,82","8.971,38","9.020,88","8.963,82","","0,46%"
"09/02/2016","8.974,60","8.998,52","9.008,27","8.972,70","","-0,36%"
"08/02/2016","9.006,65","9.027,08","9.061,41","8.987,21","","-0,26%"
"05/02/2016","9.030,48","8.983,59","9.030,48","8.963,80","","0,46%"
"04/02/2016","8.989,49","8.952,54","8.989,49","8.950,00","","0,43%"
"03/02/2016","8.950,72","8.933,50","8.950,72","8.910,85","","0,14%"
"02/02/2016","8.938,26","8.901,15","8.938,26","8.881,08","","0,40%"
"01/02/2016","8.902,84","8.890,66","8.902,84","8.859,64","","0,04%"
"29/01/2016","8.898,99","8.895,78","8.917,50","8.888,65","","-0,17%"
"28/01/2016","8.914,20","8.864,66","8.914,20","8.849,48","","0,50%"
"27/01/2016","8.870,19","8.864,50","8.895,67","8.846,46","","0,04%"
"26/01/2016","8.866,59","8.864,12","8.871,60","8.846,41","","0,01%"
"25/01/2016","8.865,63","8.866,30","8.890,04","8.861,13","","-0,03%"
"22/01/2016","8.868,44","8.859,53","8.877,75","8.849,80","","0,07%"
"21/01/2016","8.862,43","8.863,02","8.873,45","8.857,76","","-0,18%"
"20/01/2016","8.877,99","8.877,39","8.877,99","8.839,34","","-0,11%"
"19/01/2016","8.887,85","8.866,74","8.894,97","8.858,46","","0,22%"
"18/01/2016","8.868,67","8.875,06","8.884,85","8.848,64","","0,17%"
"15/01/2016","8.853,56","8.859,28","8.873,72","8.845,28","","0,01%"
"14/01/2016","8.852,28","8.839,71","8.868,09","8.830,60","","0,08%"
"13/01/2016","8.844,80","8.831,12","8.844,80","8.809,74","","0,18%"
"12/01/2016","8.828,91","8.807,61","8.837,97","8.803,58","","-0,09%"
"08/01/2016","8.836,93","8.836,69","8.843,64","8.820,90","","-0,22%"
"07/01/2016","8.856,09","8.841,51","8.856,69","8.823,62","","0,16%"
"06/01/2016","8.842,12","8.834,07","8.847,21","8.817,81","","0,05%"
"05/01/2016","8.837,81","8.882,22","8.889,92","8.823,19","","-0,57%"
"04/01/2016","8.888,04","8.918,89","8.931,24","8.868,95","","-0,42%"
"31/12/2015","8.925,71","8.867,46","8.925,71","8.843,28","","0,64%"
"30/12/2015","8.868,85","8.873,72","8.873,72","8.802,90","","-0,06%"
"29/12/2015","8.873,96","8.817,89","8.873,96","8.795,62","","0,20%"
"28/12/2015","8.856,06","8.885,18","8.905,83","8.836,22","","-0,42%"
"23/12/2015","8.893,10","8.858,99","8.893,10","8.836,15","","0,34%"
"22/12/2015","8.863,38","8.862,78","8.878,53","8.848,41","","-0,01%"
"21/12/2015","8.864,25","8.861,94","8.864,25","8.789,89","","0,04%"
"18/12/2015","8.860,92","8.843,70","8.860,92","8.821,78","","0,16%"
"17/12/2015","8.846,45","8.863,02","8.870,07","8.812,57","","-0,21%"
"16/12/2015","8.864,75","8.796,65","8.870,44","8.796,65","","0,77%"
"15/12/2015","8.796,65","8.864,36","8.884,87","8.796,65","","-0,78%"
"14/12/2015","8.865,63","8.871,15","8.883,68","8.836,80","","0,11%"
"11/12/2015","8.856,28","8.866,93","8.883,76","8.847,28","","-0,21%"
"10/12/2015","8.874,88","8.912,39","8.920,21","8.858,52","","-0,40%"
"09/12/2015","8.910,13","8.976,44","8.990,56","8.910,13","","-1,09%"
"08/12/2015","9.008,41","9.032,88","9.043,73","8.998,44","","-0,10%"
"07/12/2015","9.017,34","9.066,51","9.068,24","9.017,34","","-0,58%"
"04/12/2015","9.069,55","9.075,98","9.099,75","9.027,76","","0,19%"
"03/12/2015","9.052,79","9.039,33","9.064,14","9.034,78","","0,02%"
"02/12/2015","9.050,97","9.082,84","9.116,88","9.050,97","","-0,34%"
"01/12/2015","9.081,54","9.085,12","9.087,08","9.050,43","","-0,13%"
"30/11/2015","9.093,21","9.075,21","9.113,27","9.051,23","","0,09%"
"27/11/2015","9.085,25","9.108,71","9.135,61","9.079,33","","-0,26%"
"26/11/2015","9.108,93","9.105,24","9.119,59","9.044,11","","-0,15%"
"25/11/2015","9.122,70","9.103,71","9.122,70","9.095,00","","0,15%"
"24/11/2015","9.108,93","9.105,20","9.123,82","9.094,76","","0,00%"
"23/11/2015","9.108,84","9.183,85","9.193,76","9.105,42","","-0,92%"
"20/11/2015","9.193,04","9.178,89","9.202,55","9.152,90","","0,00%"
"19/11/2015","9.192,85","9.183,61","9.202,76","9.159,73","","0,15%"
"17/11/2015","9.179,31","9.218,09","9.222,16","9.177,11","","-0,34%"
"16/11/2015","9.211,08","9.274,79","9.274,79","9.192,24","","-0,54%"
"13/11/2015","9.261,07","9.226,66","9.261,07","9.175,23","","0,25%"
"12/11/2015","9.237,97","9.253,53","9.309,51","9.231,46","","-0,33%"
"11/11/2015","9.268,27","9.226,27","9.272,16","9.213,11","","0,61%"
"10/11/2015","9.212,45","9.237,05","9.247,97","9.182,96","","-0,21%"
"09/11/2015","9.232,25","9.198,75","9.232,25","9.176,68","","0,65%"
"05/11/2015","9.172,84","9.113,25","9.177,06","9.073,95","","0,65%"
"04/11/2015","9.113,23","9.089,23","9.142,06","9.059,69","","0,10%"
"03/11/2015","9.104,41","9.078,97","9.104,71","9.054,83","","0,22%"
"02/11/2015","9.084,32","9.073,76","9.095,97","9.059,35","","0,03%"
"30/10/2015","9.081,80","9.025,51","9.081,80","9.000,75","","0,54%"
"29/10/2015","9.032,78","8.984,84","9.032,78","8.982,65","","0,44%"
"28/10/2015","8.993,29","8.981,54","9.002,17","8.977,97","","0,15%"
"27/10/2015","8.979,63","9.014,16","9.017,83","8.948,93","","-0,43%"
"26/10/2015","9.018,66","8.998,80","9.024,21","8.974,01","","0,14%"
"23/10/2015","9.005,90","8.938,93","9.005,90","8.921,04","","0,69%"
"22/10/2015","8.944,08","8.958,35","8.975,10","8.940,60","","-0,46%"
"21/10/2015","8.985,03","9.016,22","9.029,86","8.972,28","","-0,49%"
"20/10/2015","9.029,05","9.030,93","9.035,93","8.988,29","","-0,02%"
"19/10/2015","9.030,81","9.007,41","9.030,81","8.945,62","","0,26%"
"16/10/2015","9.007,41","9.020,48","9.020,67","8.969,47","","-0,17%"
"14/10/2015","9.022,65","8.998,65","9.022,65","8.973,22","","0,37%"
"13/10/2015","8.989,00","9.006,58","9.006,58","8.940,69","","-0,71%"
"12/10/2015","9.053,02","9.005,28","9.053,02","8.970,36","","0,36%"
"09/10/2015","9.020,26","8.953,06","9.020,26","8.946,92","","0,61%"
"08/10/2015","8.965,86","8.993,35","9.024,82","8.931,93","","-0,31%"
"07/10/2015","8.993,97","9.028,02","9.028,02","8.963,66","","-0,60%"
"06/10/2015","9.048,40","9.098,84","9.136,52","9.048,40","","-0,57%"
"05/10/2015","9.100,04","9.107,63","9.112,42","9.020,28","","-0,19%"
"02/10/2015","9.117,50","9.097,46","9.133,81","9.082,07","","0,23%"
"01/10/2015","9.096,82","9.110,38","9.127,44","9.085,64","","-0,19%"
"30/09/2015","9.114,29","9.148,80","9.149,70","9.114,29","","-0,21%"
"29/09/2015","9.133,67","9.151,17","9.226,88","9.133,67","","-0,24%"
"28/09/2015","9.155,76","9.216,67","9.237,80","9.155,76","","-0,69%"
"23/09/2015","9.219,13","9.095,04","9.219,13","9.091,33","","1,12%"
"22/09/2015","9.116,65","9.087,68","9.116,65","9.054,40","","0,32%"
"21/09/2015","9.087,24","9.067,81","9.087,24","9.037,50","","0,27%"
"18/09/2015","9.063,19","9.202,52","9.202,52","9.061,89","","-1,49%"
"17/09/2015","9.200,22","9.266,19","9.269,43","9.200,22","","-1,07%"
"16/09/2015","9.299,90","9.263,23","9.302,29","9.239,41","","0,36%"
"15/09/2015","9.266,24","9.282,59","9.307,59","9.250,03","","-0,72%"
"14/09/2015","9.333,84","9.274,68","9.334,35","9.261,57","","0,34%"
"11/09/2015","9.301,77","9.277,72","9.321,89","9.271,63","","-0,26%"
"10/09/2015","9.326,39","9.329,80","9.338,87","9.279,12","","0,22%"
"09/09/2015","9.306,06","9.281,88","9.318,99","9.280,08","","0,10%"
"08/09/2015","9.296,55","9.281,83","9.319,72","9.258,72","","0,12%"
"07/09/2015","9.285,57","9.264,73","9.285,57","9.244,51","","-0,24%"
"04/09/2015","9.307,51","9.302,59","9.315,14","9.247,04","","0,06%"
"03/09/2015","9.301,86","9.229,59","9.301,86","9.215,82","","0,73%"
"02/09/2015","9.234,05","9.223,06","9.266,32","9.192,28","","0,01%"
"01/09/2015","9.233,16","9.290,98","9.292,67","9.233,16","","-1,20%"
"31/08/2015","9.345,70","9.299,95","9.345,70","9.273,18","","0,41%"
"28/08/2015","9.307,37","9.329,30","9.330,53","9.287,97","","-0,20%"
"27/08/2015","9.325,59","9.257,80","9.336,93","9.257,80","","0,79%"
"26/08/2015","9.252,66","9.287,39","9.300,44","9.252,66","","-0,68%"
"25/08/2015","9.316,01","9.425,92","9.425,92","9.314,43","","-1,21%"
"24/08/2015","9.430,08","9.497,43","9.499,94","9.430,08","","-0,91%"
"19/08/2015","9.517,02","9.503,80","9.559,11","9.481,04","","0,20%"
"18/08/2015","9.497,82","9.493,35","9.514,10","9.474,40","","0,00%"
"17/08/2015","9.497,67","9.650,27","9.650,36","9.497,67","","-1,61%"
"13/08/2015","9.653,11","9.689,05","9.695,58","9.634,05","","-0,44%"
"12/08/2015","9.695,36","9.706,25","9.719,18","9.663,06","","0,22%"
"11/08/2015","9.674,56","9.690,33","9.707,04","9.664,02","","-0,16%"
"10/08/2015","9.690,54","9.702,30","9.705,24","9.674,25","","-0,26%"
"07/08/2015","9.716,22","9.762,01","9.762,39","9.711,61","","-0,61%"
"06/08/2015","9.776,00","9.783,68","9.787,66","9.697,17","","-0,28%"
"05/08/2015","9.803,29","9.862,15","9.892,79","9.797,66","","-0,87%"
"04/08/2015","9.888,96","9.776,16","9.888,96","9.770,15","","0,84%"
"03/08/2015","9.806,40","9.812,28","9.827,70","9.755,62","","0,68%"
"31/07/2015","9.740,01","9.718,21","9.748,55","9.706,37","","0,17%"
"29/07/2015","9.723,10","9.725,57","9.748,62","9.704,45","","0,00%"
"28/07/2015","9.723,19","9.693,01","9.723,19","9.674,73","","0,37%"
"27/07/2015","9.687,43","9.668,22","9.687,43","9.651,34","","-0,05%"
"24/07/2015","9.692,06","9.658,86","9.692,06","9.636,10","","0,11%"
"23/07/2015","9.681,46","9.624,45","9.681,46","9.624,45","","0,40%"
"22/07/2015","9.642,51","9.694,92","9.721,17","9.633,88","","-0,59%"
"21/07/2015","9.700,22","9.735,48","9.750,01","9.672,29","","-0,37%"
"20/07/2015","9.736,46","9.661,59","9.736,46","9.661,46","","0,61%"
"16/07/2015","9.676,99","9.672,92","9.679,55","9.615,99","","0,03%"
"15/07/2015","9.674,05","9.652,08","9.676,09","9.642,75","","0,20%"
"14/07/2015","9.655,03","9.645,06","9.665,97","9.632,00","","-0,12%"
"13/07/2015","9.667,00","9.646,99","9.667,98","9.628,66","","0,22%"
"10/07/2015","9.646,24","9.586,97","9.650,09","9.578,06","","0,50%"
"09/07/2015","9.597,80","9.606,43","9.614,70","9.555,08","","-0,09%"
"08/07/2015","9.606,43","9.572,68","9.607,24","9.548,28","","0,33%"
"07/07/2015","9.575,01","9.553,55","9.575,01","9.505,02","","0,09%"
"06/07/2015","9.566,67","9.584,32","9.593,57","9.543,69","","-0,57%"
"03/07/2015","9.621,22","9.541,13","9.621,22","9.532,86","","0,73%"
"02/07/2015","9.551,04","9.533,36","9.567,42","9.523,16","","0,05%"
"01/07/2015","9.546,32","9.576,35","9.590,24","9.534,00","","-0,33%"
"30/06/2015","9.578,34","9.533,63","9.578,34","9.493,16","","0,42%"
"29/06/2015","9.538,63","9.540,87","9.563,26","9.528,90","","-0,38%"
"26/06/2015","9.575,31","9.587,45","9.590,56","9.515,33","","-0,14%"
"25/06/2015","9.588,99","9.581,70","9.593,23","9.545,43","","0,07%"
"24/06/2015","9.582,61","9.587,00","9.589,92","9.547,46","","-0,10%"
"23/06/2015","9.592,29","9.519,67","9.594,16","9.506,57","","0,46%"
"22/06/2015","9.548,78","9.561,34","9.585,49","9.515,30","","-0,34%"
"19/06/2015","9.581,36","9.538,25","9.581,36","9.524,70","","0,51%"
"18/06/2015","9.532,74","9.512,15","9.532,74","9.481,63","","0,33%"
"17/06/2015","9.501,72","9.537,62","9.553,58","9.484,10","","-0,44%"
"16/06/2015","9.543,63","9.607,51","9.614,21","9.524,26","","-0,74%"
"15/06/2015","9.614,60","9.641,25","9.668,49","9.606,37","","-0,34%"
"12/06/2015","9.647,75","9.590,72","9.648,37","9.578,70","","0,47%"
"11/06/2015","9.603,03","9.599,98","9.615,87","9.576,71","","0,10%"
"10/06/2015","9.593,00","9.578,09","9.627,59","9.566,47","","-0,03%"
"09/06/2015","9.595,92","9.723,73","9.723,73","9.592,71","","-1,31%"
"08/06/2015","9.723,73","9.732,12","9.737,17","9.678,28","","-0,13%"
"05/06/2015","9.736,55","9.728,88","9.737,31","9.700,34","","0,03%"
"04/06/2015","9.733,46","9.698,45","9.733,46","9.689,42","","0,33%"
"03/06/2015","9.701,77","9.663,63","9.701,77","9.655,26","","0,28%"
"02/06/2015","9.674,37","9.666,35","9.695,76","9.647,82","","-0,14%"
"01/06/2015","9.687,63","9.708,62","9.709,31","9.678,30","","-0,24%"
"29/05/2015","9.711,36","9.562,65","9.711,36","9.533,61","","1,07%"
"28/05/2015","9.608,63","9.582,26","9.608,70","9.580,65","","0,21%"
"27/05/2015","9.588,13","9.587,33","9.605,62","9.569,81","","-0,44%"
"26/05/2015","9.630,44","9.661,38","9.705,58","9.630,44","","-0,44%"
"25/05/2015","9.673,07","9.664,77","9.702,03","9.658,75","","0,06%"
"22/05/2015","9.667,42","9.682,98","9.736,13","9.657,41","","-1,23%"
"21/05/2015","9.787,85","9.836,12","9.837,40","9.781,51","","-0,89%"
"20/05/2015","9.875,94","9.902,56","9.904,67","9.872,81","","-0,45%"
"19/05/2015","9.920,90","9.862,70","9.920,90","9.844,09","","0,43%"
"18/05/2015","9.878,59","9.852,80","9.878,59","9.838,37","","0,27%"
"15/05/2015","9.851,73","9.829,91","9.851,73","9.816,47","","0,06%"
"14/05/2015","9.845,67","9.846,25","9.846,25","9.826,69","","-0,01%"
"13/05/2015","9.846,23","9.886,19","9.910,49","9.831,83","","-0,43%"
"12/05/2015","9.888,33","9.872,76","9.904,05","9.858,88","","0,03%"
"11/05/2015","9.885,16","9.874,47","9.890,17","9.840,08","","0,05%"
"08/05/2015","9.880,33","9.858,80","9.890,26","9.850,80","","0,22%"
"07/05/2015","9.858,78","9.910,20","9.916,67","9.858,78","","-0,51%"
"06/05/2015","9.908,90","9.960,22","9.976,48","9.872,10","","-0,37%"
"05/05/2015","9.945,31","10.000,43","10.002,57","9.917,41","","-0,13%"
"04/05/2015","9.958,00","9.925,82","9.958,00","9.908,03","","0,21%"
"30/04/2015","9.937,38","9.954,30","9.968,65","9.937,38","","-0,35%"
"29/04/2015","9.972,59","9.911,38","9.972,59","9.900,72","","0,53%"
"28/04/2015","9.920,50","9.910,91","9.930,84","9.888,28","","-0,21%"
"27/04/2015","9.941,58","9.863,97","9.941,58","9.863,97","","0,66%"
"24/04/2015","9.876,57","9.905,34","9.915,85","9.869,46","","-0,39%"
"23/04/2015","9.914,86","9.899,01","9.954,63","9.891,97","","0,10%"
"22/04/2015","9.905,41","9.896,39","9.929,57","9.874,51","","0,05%"
"21/04/2015","9.900,12","9.908,55","9.945,46","9.893,61","","-0,16%"
"20/04/2015","9.915,53","9.897,55","9.936,63","9.862,87","","0,17%"
"17/04/2015","9.898,90","9.905,44","9.957,59","9.854,58","","-0,14%"
"16/04/2015","9.912,31","9.928,82","9.948,99","9.885,19","","-0,25%"
"15/04/2015","9.937,03","9.948,87","9.989,80","9.927,27","","0,22%"
"14/04/2015","9.914,81","9.923,45","9.939,12","9.898,81","","0,05%"
"13/04/2015","9.909,79","9.884,64","9.909,79","9.857,25","","0,21%"
"10/04/2015","9.889,12","9.951,00","9.972,17","9.878,05","","-0,93%"
"09/04/2015","9.981,66","9.912,28","9.981,66","9.910,40","","0,39%"
"08/04/2015","9.943,12","9.977,59","10.015,45","9.943,12","","-0,41%"
"07/04/2015","9.983,80","10.050,00","10.056,16","9.983,80","","-0,67%"
"06/04/2015","10.050,79","9.961,41","10.053,06","9.931,67","","0,92%"
"03/04/2015","9.958,69","10.080,72","10.082,60","9.947,68","","-1,12%"
"02/04/2015","10.071,52","10.190,13","10.192,38","10.071,52","","-1,09%"
"01/04/2015","10.182,06","10.255,84","10.268,08","10.182,06","","-0,85%"
"31/03/2015","10.269,75","10.323,27","10.330,26","10.269,75","","-0,51%"
"30/03/2015","10.322,09","10.273,03","10.322,09","10.256,80","","0,29%"
"27/03/2015","10.292,43","10.303,32","10.342,84","10.276,58","","-0,03%"
"26/03/2015","10.295,30","10.372,08","10.392,17","10.295,28","","-0,95%"
"25/03/2015","10.393,74","10.399,62","10.406,88","10.360,09","","-0,16%"
"24/03/2015","10.410,30","10.402,71","10.416,41","10.360,30","","0,01%"
"23/03/2015","10.408,85","10.409,73","10.434,98","10.378,77","","-0,02%"
"20/03/2015","10.411,35","10.303,75","10.411,72","10.303,07","","1,00%"
"19/03/2015","10.308,04","10.314,37","10.315,63","10.256,73","","-0,31%"
"18/03/2015","10.340,28","10.426,87","10.426,87","10.287,72","","-0,83%"
"17/03/2015","10.426,40","10.415,93","10.436,67","10.380,03","","0,02%"
"16/03/2015","10.424,09","10.474,70","10.474,70","10.424,09","","-0,50%"
"13/03/2015","10.476,89","10.470,33","10.476,89","10.430,94","","-0,04%"
"12/03/2015","10.480,59","10.488,42","10.492,51","10.442,26","","-0,09%"
"11/03/2015","10.489,51","10.491,55","10.518,82","10.485,01","","-0,23%"
"10/03/2015","10.513,78","10.500,85","10.529,66","10.487,70","","-0,13%"
"09/03/2015","10.527,27","10.469,50","10.547,66","10.467,93","","0,68%"
"06/03/2015","10.456,47","10.482,34","10.528,28","10.456,47","","-0,24%"
"05/03/2015","10.481,35","10.475,72","10.481,35","10.436,86","","0,05%"
"04/03/2015","10.476,02","10.443,76","10.476,02","10.425,14","","0,19%"
"03/03/2015","10.456,55","10.474,43","10.474,43","10.393,37","","-0,12%"
"02/03/2015","10.469,41","10.434,34","10.486,72","10.433,85","","0,08%"
"27/02/2015","10.460,62","10.408,56","10.460,62","10.397,94","","-0,01%"
"26/02/2015","10.462,04","10.463,08","10.479,75","10.437,23","","-0,19%"
"25/02/2015","10.481,95","10.394,61","10.481,97","10.392,64","","0,74%"
"24/02/2015","10.405,47","10.386,64","10.433,27","10.361,53","","0,04%"
"23/02/2015","10.401,47","10.397,52","10.422,04","10.376,48","","-0,03%"
"20/02/2015","10.404,31","10.372,36","10.411,99","10.332,05","","0,23%"
"19/02/2015","10.380,25","10.240,71","10.380,36","10.233,34","","1,57%"
"18/02/2015","10.220,23","10.243,92","10.255,30","10.192,22","","-0,23%"
"17/02/2015","10.244,20","10.251,25","10.251,25","10.179,71","","-0,17%"
"16/02/2015","10.261,44","10.249,56","10.276,01","10.232,75","","0,04%"
"13/02/2015","10.257,82","10.256,65","10.286,75","10.248,71","","-0,11%"
"12/02/2015","10.268,67","10.295,94","10.317,75","10.263,15","","-0,52%"
"11/02/2015","10.322,43","10.326,22","10.344,31","10.304,56","","0,07%"
"10/02/2015","10.315,30","10.292,58","10.315,30","10.267,25","","0,20%"
"09/02/2015","10.294,48","10.343,80","10.344,19","10.244,60","","-0,57%"
"06/02/2015","10.353,17","10.232,36","10.353,17","10.232,36","","0,92%"
"05/02/2015","10.259,16","10.259,44","10.286,19","10.246,30","","0,07%"
"04/02/2015","10.251,67","10.158,70","10.251,67","10.158,23","","0,77%"
"03/02/2015","10.173,69","10.216,90","10.221,24","10.138,68","","-0,38%"
"02/02/2015","10.212,52","10.203,91","10.212,52","10.153,45","","-0,10%"
"30/01/2015","10.222,56","10.123,97","10.222,56","10.076,91","","0,91%"
"29/01/2015","10.130,59","10.126,22","10.140,59","10.070,99","","-0,22%"
"28/01/2015","10.153,16","10.100,32","10.153,16","10.057,04","","0,59%"
"27/01/2015","10.093,64","10.116,30","10.122,38","10.083,12","","-0,38%"
"26/01/2015","10.131,71","10.158,74","10.175,38","10.114,56","","-0,46%"
"23/01/2015","10.178,70","10.197,11","10.202,68","10.147,97","","-0,54%"
"22/01/2015","10.233,84","10.300,89","10.302,92","10.233,84","","-0,84%"
"21/01/2015","10.320,17","10.343,06","10.355,81","10.263,78","","-0,37%"
"20/01/2015","10.358,22","10.324,84","10.360,87","10.277,85","","0,05%"
"19/01/2015","10.353,18","10.315,75","10.381,58","10.260,50","","0,18%"
"16/01/2015","10.334,72","10.268,54","10.378,22","10.268,54","","0,66%"
"15/01/2015","10.266,95","10.272,53","10.329,14","10.203,02","","0,04%"
"14/01/2015","10.262,68","10.204,47","10.294,65","10.188,01","","0,40%"
"13/01/2015","10.221,94","10.021,18","10.221,94","10.018,22","","1,95%"
"12/01/2015","10.026,79","9.971,66","10.026,79","9.944,89","","0,34%"
"09/01/2015","9.993,19","9.822,10","9.993,19","9.810,87","","1,93%"
"08/01/2015","9.803,87","9.745,36","9.804,37","9.699,88","","0,55%"
"07/01/2015","9.750,30","9.644,21","9.751,01","9.628,49","","1,02%"
"06/01/2015","9.651,78","9.644,78","9.651,78","9.610,50","","0,09%"
"02/01/2015","9.643,19","9.565,92","9.643,19","9.565,92","","0,24%"